Period,Date,Numbers,Special_Number
115000011,2026-02-05,7 22 28 34 36 37,7
115000010,2026-02-02,1 12 14 15 27 29,5
115000009,2026-01-29,5 10 15 17 23 25,5
115000008,2026-01-26,3 8 12 26 32 38,4
115000007,2026-01-22,11 17 29 30 34 35,6
115000006,2026-01-19,10 16 20 23 35 37,5
115000005,2026-01-15,8 10 16 26 31 38,5
115000004,2026-01-12,1 9 14 17 33 38,3
115000003,2026-01-08,7 17 25 26 27 33,3
115000002,2026-01-05,11 14 19 25 34 37,4
115000001,2026-01-01,7 14 22 23 31 35,1
114000104,2025-12-29,1 3 9 11 18 32,6
114000103,2025-12-25,6 12 21 22 28 34,8
114000102,2025-12-22,5 16 21 25 32 34,8
114000101,2025-12-18,8 15 16 21 29 37,5
114000100,2025-12-15,19 26 28 31 32 34,6
114000099,2025-12-11,5 6 11 15 22 37,7
114000098,2025-12-08,5 14 15 20 32 37,2
114000097,2025-12-04,3 6 7 10 29 33,1
114000096,2025-12-01,5 7 8 11 32 37,2
114000095,2025-11-27,4 9 16 26 33 35,2
114000094,2025-11-24,7 9 19 20 33 34,7
114000093,2025-11-20,3 8 17 20 31 35,7
114000092,2025-11-17,17 18 19 28 34 36,6
114000091,2025-11-13,2 9 11 15 26 34,4
114000090,2025-11-10,6 12 28 29 31 32,4
114000089,2025-11-06,11 18 20 25 29 37,8
114000088,2025-11-03,4 18 20 30 32 35,4
114000087,2025-10-30,13 14 17 20 21 24,2
114000086,2025-10-27,1 11 16 20 27 36,6
114000085,2025-10-23,5 9 11 21 32 35,8
114000084,2025-10-20,8 12 19 22 24 32,5
114000083,2025-10-16,8 9 13 16 26 35,2
114000082,2025-10-13,4 6 8 18 24 28,1
114000081,2025-10-09,1 6 11 20 34 35,8
114000080,2025-10-06,5 6 9 14 15 37,5
114000079,2025-10-02,3 5 12 24 27 30,7
114000078,2025-09-29,12 16 17 20 27 36,3
114000077,2025-09-25,8 12 14 24 28 35,3
114000076,2025-09-22,10 11 14 22 31 33,2
114000075,2025-09-18,10 20 25 28 32 36,2
114000074,2025-09-15,4 16 20 33 34 38,2
114000073,2025-09-11,11 18 21 27 31 35,6
114000072,2025-09-08,7 8 14 15 25 36,6
114000071,2025-09-04,6 7 9 11 21 38,8
114000070,2025-09-01,2 7 16 18 28 29,4
114000069,2025-08-28,9 13 14 17 23 30,5
114000068,2025-08-25,1 12 14 21 36 37,3
114000067,2025-08-21,2 4 11 12 16 19,2
114000066,2025-08-18,2 5 8 17 20 26,6
114000065,2025-08-14,1 11 14 17 19 36,3
114000064,2025-08-11,3 5 9 16 18 19,2
114000063,2025-08-07,2 4 7 8 18 25,7
114000062,2025-08-04,15 16 22 27 30 32,1
114000061,2025-07-31,4 9 18 20 29 31,3
114000060,2025-07-28,12 16 18 22 24 36,5
114000059,2025-07-24,3 4 7 10 33 38,5
114000058,2025-07-21,10 18 20 24 36 38,4
114000057,2025-07-17,1 4 6 21 25 28,2
114000056,2025-07-14,3 6 19 22 37 38,4
114000055,2025-07-10,1 2 7 14 28 31,2
114000054,2025-07-07,7 9 14 23 37 38,3
114000053,2025-07-03,11 14 20 27 30 38,6
114000052,2025-06-30,1 3 9 15 22 27,5
114000051,2025-06-26,1 7 15 23 26 38,4
114000050,2025-06-23,6 11 20 31 32 33,6
114000049,2025-06-19,1 7 20 21 36 38,6
114000048,2025-06-16,4 11 12 18 21 26,3
114000047,2025-06-12,5 12 13 15 26 38,5
114000046,2025-06-09,3 7 9 19 24 31,2
114000045,2025-06-05,12 16 20 22 34 35,5
114000044,2025-06-02,1 5 16 18 21 31,2
114000043,2025-05-29,5 6 9 20 22 35,7
114000042,2025-05-26,13 14 17 23 24 37,6
114000041,2025-05-22,6 12 21 25 34 38,3
114000040,2025-05-19,10 15 22 27 29 37,3
114000039,2025-05-15,1 2 8 21 23 26,1
114000038,2025-05-12,2 8 26 34 35 38,4
114000037,2025-05-08,5 8 9 17 31 37,1
114000036,2025-05-05,7 8 9 11 19 35,4
114000035,2025-05-01,14 19 20 25 27 30,4
114000034,2025-04-28,2 14 17 19 29 32,5
114000033,2025-04-24,7 17 25 29 36 37,5
114000032,2025-04-21,5 9 20 29 35 36,8
114000031,2025-04-17,1 2 3 5 17 27,8
114000030,2025-04-14,1 5 9 20 29 38,2
114000029,2025-04-10,9 16 20 23 29 34,4
114000028,2025-04-07,13 21 24 25 31 36,4
114000027,2025-04-03,2 9 15 21 29 36,7
114000026,2025-03-31,2 6 7 9 12 20,4
114000025,2025-03-27,7 8 21 26 32 35,2
114000024,2025-03-24,3 17 22 24 25 33,3
114000023,2025-03-20,1 3 12 18 31 38,8
114000022,2025-03-17,1 2 3 12 18 28,4
114000021,2025-03-13,3 4 13 16 24 25,7
114000020,2025-03-10,13 16 17 20 27 31,2
114000019,2025-03-06,5 9 15 17 18 29,4
114000018,2025-03-03,12 15 20 23 26 32,5
114000017,2025-02-27,1 7 8 24 26 34,2
114000016,2025-02-24,7 15 16 23 24 35,2
114000015,2025-02-20,5 6 15 19 32 37,8
114000014,2025-02-17,1 17 21 23 31 34,1
114000013,2025-02-13,2 3 11 18 30 36,7
114000012,2025-02-10,6 7 8 13 14 24,4
114000011,2025-02-06,6 18 21 32 33 37,1
114000010,2025-02-03,4 7 15 31 33 36,6
114000009,2025-01-30,3 17 20 21 24 37,6
114000008,2025-01-27,2 10 15 18 25 35,8
114000007,2025-01-23,7 10 13 22 25 29,2
114000006,2025-01-20,8 11 13 27 29 37,2
114000005,2025-01-16,10 16 19 21 31 37,3
114000004,2025-01-13,3 13 22 26 28 33,2
114000003,2025-01-09,1 4 15 16 31 34,4
114000002,2025-01-06,4 14 17 29 31 38,7
114000001,2025-01-02,4 12 13 22 27 32,5
113000105,2024-12-30,6 8 12 16 23 31,1
113000104,2024-12-26,13 15 18 28 35 37,4
113000103,2024-12-23,15 16 18 25 34 37,4
113000102,2024-12-19,6 8 9 18 23 38,5
113000101,2024-12-16,3 19 27 30 36 37,7
113000100,2024-12-12,11 14 17 23 25 30,8
113000099,2024-12-09,13 18 26 30 31 36,5
113000098,2024-12-05,10 14 19 30 33 38,3
113000097,2024-12-02,8 21 22 36 37 38,5
113000096,2024-11-28,20 25 32 33 34 36,7
113000095,2024-11-25,7 14 19 25 33 37,3
113000094,2024-11-21,8 12 13 16 18 27,6
113000093,2024-11-18,8 9 13 21 36 38,8
113000092,2024-11-14,6 15 22 23 31 37,5
113000091,2024-11-11,3 8 9 17 28 33,2
113000090,2024-11-07,5 21 26 28 34 38,6
113000089,2024-11-04,1 7 14 20 22 23,1
113000088,2024-10-31,4 8 12 14 17 37,4
113000087,2024-10-28,9 11 23 33 35 37,2
113000086,2024-10-24,8 10 20 28 29 33,2
113000085,2024-10-21,4 6 13 19 23 38,7
113000084,2024-10-17,2 3 5 10 25 30,6
113000083,2024-10-14,6 10 22 23 25 27,8
113000082,2024-10-10,2 8 14 20 23 37,8
113000081,2024-10-07,9 21 22 27 29 36,5
113000080,2024-10-03,11 17 18 19 30 36,8
113000079,2024-09-30,3 9 13 14 17 33,5
113000078,2024-09-26,3 6 9 11 18 29,3
113000077,2024-09-23,4 13 14 23 24 29,8
113000076,2024-09-19,3 8 16 24 26 30,4
113000075,2024-09-16,8 14 17 23 25 26,4
113000074,2024-09-12,10 12 21 27 33 38,8
113000073,2024-09-09,7 21 22 27 31 36,7
113000072,2024-09-05,10 14 16 25 28 38,4
113000071,2024-09-02,9 16 24 27 31 37,4
113000070,2024-08-29,9 24 25 31 32 38,3
113000069,2024-08-26,15 18 25 26 29 30,1
113000068,2024-08-22,5 15 19 20 31 34,2
113000067,2024-08-19,6 10 17 21 22 29,6
113000066,2024-08-15,4 6 14 16 20 24,2
113000065,2024-08-12,2 9 10 17 20 30,4
113000064,2024-08-08,2 3 21 29 34 37,8
113000063,2024-08-05,2 7 14 15 29 35,3
113000062,2024-08-01,3 13 25 26 31 34,5
113000061,2024-07-29,3 6 11 27 28 30,1
113000060,2024-07-25,4 11 23 27 32 38,7
113000059,2024-07-22,11 14 17 31 32 38,8
113000058,2024-07-18,8 12 19 23 28 31,5
113000057,2024-07-15,1 4 11 19 25 33,2
113000056,2024-07-11,9 10 12 15 29 36,4
113000055,2024-07-08,10 11 13 30 32 37,5
113000054,2024-07-04,21 23 24 25 30 38,1
113000053,2024-07-01,2 3 12 17 30 33,5
113000052,2024-06-27,2 11 14 15 17 29,1
113000051,2024-06-24,7 13 16 22 25 26,8
113000050,2024-06-20,10 11 24 27 30 36,7
113000049,2024-06-17,5 22 28 29 30 31,8
113000048,2024-06-13,2 5 15 18 32 35,3
113000047,2024-06-10,5 11 15 26 28 29,7
113000046,2024-06-06,5 13 17 25 33 38,1
113000045,2024-06-03,3 4 11 22 35 36,3
113000044,2024-05-30,6 7 16 21 27 31,6
113000043,2024-05-27,1 4 20 26 29 33,4
113000042,2024-05-23,4 8 14 21 25 37,3
113000041,2024-05-20,1 5 7 19 32 33,3
113000040,2024-05-16,1 2 10 13 18 30,1
113000039,2024-05-13,15 20 23 26 33 35,7
113000038,2024-05-09,10 14 22 29 35 37,7
113000037,2024-05-06,4 13 25 30 31 34,7
113000036,2024-05-02,13 17 24 26 33 35,6
113000035,2024-04-29,8 19 25 30 31 35,7
113000034,2024-04-25,3 20 31 34 36 37,7
113000033,2024-04-22,2 14 19 22 31 35,1
113000032,2024-04-18,2 16 18 21 34 37,5
113000031,2024-04-15,6 7 8 14 27 36,7
113000030,2024-04-11,11 12 14 25 30 36,3
113000029,2024-04-08,5 6 8 11 18 23,5
113000028,2024-04-04,3 14 17 22 24 33,1
113000027,2024-04-01,3 9 27 35 36 37,2
113000026,2024-03-28,2 9 15 19 24 31,4
113000025,2024-03-25,2 15 16 23 24 38,5
113000024,2024-03-21,1 8 16 17 26 38,7
113000023,2024-03-18,2 10 11 19 23 35,1
113000022,2024-03-14,2 11 12 15 21 30,6
113000021,2024-03-11,5 11 14 26 30 33,3
113000020,2024-03-07,3 11 13 17 20 27,2
113000019,2024-03-04,3 5 10 24 37 38,7
113000018,2024-02-29,1 2 11 17 24 29,4
113000017,2024-02-26,4 7 11 12 35 37,8
113000016,2024-02-22,4 13 14 17 24 25,4
113000015,2024-02-19,5 6 18 26 33 38,5
113000014,2024-02-15,2 7 17 22 32 33,4
113000013,2024-02-12,2 18 21 28 30 35,8
113000012,2024-02-08,10 15 20 24 25 34,2
113000011,2024-02-05,1 16 18 21 30 38,6
113000010,2024-02-01,4 13 21 23 25 29,7
113000009,2024-01-29,6 15 22 25 32 36,3
113000008,2024-01-25,3 10 11 17 26 29,1
113000007,2024-01-22,9 12 14 17 27 31,6
113000006,2024-01-18,2 4 6 14 31 34,3
113000005,2024-01-15,10 15 21 27 29 35,8
113000004,2024-01-11,4 10 16 17 22 34,5
113000003,2024-01-08,1 3 16 20 29 33,1
113000002,2024-01-04,2 3 6 12 24 28,5
113000001,2024-01-01,11 16 17 18 28 35,4
112000104,2023-12-28,7 8 18 20 23 31,8
112000103,2023-12-25,5 7 16 19 20 32,2
112000102,2023-12-21,3 10 13 34 37 38,4
112000101,2023-12-18,5 18 20 24 31 36,2
112000100,2023-12-14,4 16 17 19 32 35,5
112000099,2023-12-11,9 19 21 23 26 32,5
112000098,2023-12-07,4 9 16 17 18 33,1
112000097,2023-12-04,2 9 14 20 22 31,5
112000096,2023-11-30,2 13 21 28 33 35,2
112000095,2023-11-27,2 11 23 24 25 29,1
112000094,2023-11-23,6 8 13 22 25 37,7
112000093,2023-11-20,7 11 13 15 30 38,7
112000092,2023-11-16,1 4 7 28 35 37,2
112000091,2023-11-13,1 12 16 23 25 28,7
112000090,2023-11-09,3 5 8 23 24 26,5
112000089,2023-11-06,11 15 22 30 33 38,5
112000088,2023-11-02,9 15 20 28 36 37,7
112000087,2023-10-30,3 7 10 11 30 33,6
112000086,2023-10-26,27 28 30 31 36 38,8
112000085,2023-10-23,6 10 11 30 32 35,8
112000084,2023-10-19,4 7 19 22 26 28,1
112000083,2023-10-16,5 7 20 25 31 32,8
112000082,2023-10-12,8 14 20 23 27 35,8
112000081,2023-10-09,6 7 8 17 20 22,8
112000080,2023-10-05,4 15 20 25 29 30,2
112000079,2023-10-02,3 7 13 25 28 32,3
112000078,2023-09-28,9 16 17 25 29 33,7
112000077,2023-09-25,20 25 26 30 32 35,3
112000076,2023-09-21,3 7 12 13 28 34,5
112000075,2023-09-18,1 4 11 14 21 22,1
112000074,2023-09-14,2 14 24 26 28 29,7
112000073,2023-09-11,11 12 20 27 28 31,1
112000072,2023-09-07,11 15 18 20 22 33,7
112000071,2023-09-04,1 3 12 24 27 30,8
112000070,2023-08-31,4 22 23 27 30 34,7
112000069,2023-08-28,3 6 8 15 24 38,5
112000068,2023-08-24,3 10 17 21 23 38,3
112000067,2023-08-21,1 12 14 19 33 34,4
112000066,2023-08-17,4 18 21 23 28 37,6
112000065,2023-08-14,2 3 4 10 17 26,2
112000064,2023-08-10,3 11 21 29 30 38,3
112000063,2023-08-07,3 27 29 31 33 37,2
112000062,2023-08-03,17 18 21 25 27 33,4
112000061,2023-07-31,23 24 26 33 35 37,1
112000060,2023-07-27,6 7 16 25 32 33,2
112000059,2023-07-24,5 8 17 30 32 38,4
112000058,2023-07-20,5 10 17 27 34 35,5
112000057,2023-07-17,3 16 19 24 25 37,8
112000056,2023-07-13,1 18 19 20 23 29,6
112000055,2023-07-10,14 17 18 21 32 35,2
112000054,2023-07-06,7 21 25 26 30 36,4
112000053,2023-07-03,5 7 10 21 25 29,4
112000052,2023-06-29,1 8 26 27 29 36,2
112000051,2023-06-26,1 15 16 17 24 35,6
112000050,2023-06-22,1 4 7 17 24 28,8
112000049,2023-06-19,4 8 12 20 27 36,1
112000048,2023-06-15,2 24 25 26 34 36,8
112000047,2023-06-12,1 2 16 18 35 38,1
112000046,2023-06-08,3 8 12 18 35 38,3
112000045,2023-06-05,4 11 28 32 34 35,1
112000044,2023-06-01,10 18 25 29 36 37,2
112000043,2023-05-29,1 2 9 18 24 25,3
112000042,2023-05-25,6 9 12 19 20 38,2
112000041,2023-05-22,15 18 19 30 31 38,2
112000040,2023-05-18,7 12 14 24 26 31,4
112000039,2023-05-15,2 3 4 7 20 29,1
112000038,2023-05-11,7 11 13 23 25 34,3
112000037,2023-05-08,3 5 16 17 26 29,2
112000036,2023-05-04,2 5 15 22 33 36,5
112000035,2023-05-01,1 7 14 25 29 32,3
112000034,2023-04-27,7 15 25 33 36 38,7
112000033,2023-04-24,2 13 14 17 20 28,7
112000032,2023-04-20,3 15 19 32 37 38,3
112000031,2023-04-17,9 15 25 29 30 36,8
112000030,2023-04-13,4 12 24 26 28 34,7
112000029,2023-04-10,4 6 19 23 29 34,7
112000028,2023-04-06,5 8 15 21 24 26,5
112000027,2023-04-03,17 19 22 26 34 35,5
112000026,2023-03-30,1 12 17 26 33 38,5
112000025,2023-03-27,9 12 18 22 28 30,5
112000024,2023-03-23,2 10 11 12 33 36,6
112000023,2023-03-20,6 9 20 29 36 38,3
112000022,2023-03-16,3 6 16 21 22 23,1
112000021,2023-03-13,10 11 16 21 30 34,3
112000020,2023-03-09,17 25 29 35 37 38,7
112000019,2023-03-06,2 13 17 20 25 28,6
112000018,2023-03-02,3 12 18 26 27 34,4
112000017,2023-02-27,1 3 6 10 17 20,8
112000016,2023-02-23,10 19 26 30 33 34,4
112000015,2023-02-20,2 8 16 22 24 27,8
112000014,2023-02-16,5 6 18 25 32 38,1
112000013,2023-02-13,8 10 15 18 23 28,5
112000012,2023-02-09,1 2 24 27 33 37,2
112000011,2023-02-06,4 6 9 11 23 26,5
112000010,2023-02-02,9 14 15 20 35 38,5
112000009,2023-01-30,10 11 23 27 28 34,3
112000008,2023-01-26,3 11 22 23 28 36,7
112000007,2023-01-23,7 15 17 23 33 38,1
112000006,2023-01-19,3 10 14 15 25 33,8
112000005,2023-01-16,3 11 13 17 23 38,8
112000004,2023-01-12,4 8 20 22 34 36,3
112000003,2023-01-09,9 10 17 24 31 37,3
112000002,2023-01-05,4 11 15 18 25 36,5
112000001,2023-01-02,3 4 5 27 28 35,8
111000104,2022-12-29,2 19 21 28 29 35,4
111000103,2022-12-26,4 9 14 21 29 31,6
111000102,2022-12-22,13 19 23 33 36 37,4
111000101,2022-12-19,1 3 7 11 13 20,5
111000100,2022-12-15,7 16 21 23 29 34,3
111000099,2022-12-12,6 12 20 24 25 26,4
111000098,2022-12-08,8 12 14 15 21 25,4
111000097,2022-12-05,14 16 22 26 30 35,2
111000096,2022-12-01,5 6 12 15 17 20,8
111000095,2022-11-28,4 7 9 13 19 36,7
111000094,2022-11-24,8 10 11 23 32 37,6
111000093,2022-11-21,15 19 23 25 26 35,2
111000092,2022-11-17,3 12 20 28 32 34,8
111000091,2022-11-14,10 15 17 21 29 30,5
111000090,2022-11-10,9 12 19 31 32 35,8
111000089,2022-11-07,7 9 10 17 18 22,8
111000088,2022-11-03,1 6 11 16 29 35,1
111000087,2022-10-31,2 10 20 25 29 36,6
111000086,2022-10-27,12 16 20 22 29 36,5
111000085,2022-10-24,7 9 15 27 29 30,4
111000084,2022-10-20,2 6 9 10 24 33,2
111000083,2022-10-17,1 13 18 27 32 33,6
111000082,2022-10-13,1 9 17 19 21 24,5
111000081,2022-10-10,6 13 21 24 27 33,1
111000080,2022-10-06,10 15 21 23 26 36,4
111000079,2022-10-03,1 7 17 18 23 28,5
111000078,2022-09-29,1 10 17 22 27 35,1
111000077,2022-09-26,3 10 14 16 17 20,5
111000076,2022-09-22,16 19 26 30 31 36,2
111000075,2022-09-19,7 13 25 27 31 38,3
111000074,2022-09-15,2 9 28 29 31 36,1
111000073,2022-09-12,2 4 14 16 23 29,4
111000072,2022-09-08,2 6 18 21 30 38,4
111000071,2022-09-05,7 17 21 25 31 38,3
111000070,2022-09-01,3 9 16 21 23 24,3
111000069,2022-08-29,4 10 12 21 27 29,4
111000068,2022-08-25,8 11 13 27 28 38,5
111000067,2022-08-22,2 4 9 19 22 30,2
111000066,2022-08-18,4 5 16 28 29 35,4
111000065,2022-08-15,7 10 12 16 18 28,1
111000064,2022-08-11,5 14 16 33 35 38,4
111000063,2022-08-08,2 8 12 17 32 36,3
111000062,2022-08-04,11 20 24 29 33 35,6
111000061,2022-08-01,5 7 10 21 25 31,2
111000060,2022-07-28,13 15 17 20 31 35,5
111000059,2022-07-25,8 9 14 17 25 29,1
111000058,2022-07-21,6 11 15 23 27 37,6
111000057,2022-07-18,7 10 15 17 30 33,8
111000056,2022-07-14,1 6 7 8 10 30,7
111000055,2022-07-11,5 11 17 19 23 37,7
111000054,2022-07-07,1 3 7 20 28 37,1
111000053,2022-07-04,2 5 8 10 20 25,7
111000052,2022-06-30,1 7 12 17 19 31,7
111000051,2022-06-27,4 8 21 29 30 32,6
111000050,2022-06-23,1 2 17 32 33 35,4
111000049,2022-06-20,3 4 11 17 19 26,5
111000048,2022-06-16,7 16 17 22 25 32,7
111000047,2022-06-13,12 17 24 31 35 36,3
111000046,2022-06-09,3 6 11 12 22 28,5
111000045,2022-06-06,4 12 13 27 29 32,7
111000044,2022-06-02,2 14 16 34 36 37,8
111000043,2022-05-30,1 2 8 27 32 33,5
111000042,2022-05-26,9 13 17 25 32 35,1
111000041,2022-05-23,14 15 17 24 27 31,2
111000040,2022-05-19,17 19 20 26 27 38,5
111000039,2022-05-16,3 5 15 17 29 31,6
111000038,2022-05-12,1 2 13 21 26 34,6
111000037,2022-05-09,3 12 16 17 21 34,6
111000036,2022-05-05,6 10 19 23 34 38,3
111000035,2022-05-02,3 12 20 25 28 35,2
111000034,2022-04-28,3 12 22 23 29 36,6
111000033,2022-04-25,2 3 25 26 36 38,1
111000032,2022-04-21,1 18 28 31 33 35,3
111000031,2022-04-18,1 5 8 9 22 38,3
111000030,2022-04-14,9 12 27 28 31 33,2
111000029,2022-04-11,1 4 5 26 35 38,4
111000028,2022-04-07,1 15 21 31 37 38,5
111000027,2022-04-04,10 13 19 25 26 38,2
111000026,2022-03-31,8 11 29 31 36 38,7
111000025,2022-03-28,3 4 12 21 25 30,7
111000024,2022-03-24,8 12 15 20 29 34,4
111000023,2022-03-21,1 10 11 20 23 24,4
111000022,2022-03-17,6 8 12 21 29 32,3
111000021,2022-03-14,4 8 12 14 15 17,3
111000020,2022-03-10,5 21 25 27 30 35,4
111000019,2022-03-07,3 12 19 26 28 31,2
111000018,2022-03-03,16 18 21 22 23 30,4
111000017,2022-02-28,7 14 27 28 30 32,6
111000016,2022-02-24,1 4 18 24 25 32,5
111000015,2022-02-21,5 13 16 28 36 37,1
111000014,2022-02-17,8 19 21 27 28 37,2
111000013,2022-02-14,4 8 19 29 30 36,4
111000012,2022-02-10,6 10 22 23 30 34,1
111000011,2022-02-07,9 13 21 27 35 38,2
111000010,2022-02-03,11 13 19 22 27 28,3
111000009,2022-01-31,3 7 18 21 23 37,6
111000008,2022-01-27,12 16 19 24 25 38,8
111000007,2022-01-24,6 11 14 28 31 37,7
111000006,2022-01-20,2 5 9 23 29 38,2
111000005,2022-01-17,13 15 21 22 23 28,4
111000004,2022-01-13,1 8 17 18 26 31,7
111000003,2022-01-10,1 6 14 15 28 34,6
111000002,2022-01-06,3 5 8 12 30 31,2
111000001,2022-01-03,8 14 18 27 30 35,1
110000104,2021-12-30,7 18 19 25 28 38,4
110000103,2021-12-27,3 15 24 25 33 34,6
110000102,2021-12-23,6 8 14 22 26 34,3
110000101,2021-12-20,4 6 29 32 34 36,2
110000100,2021-12-16,2 3 10 12 15 21,6
110000099,2021-12-13,3 10 14 18 28 38,8
110000098,2021-12-09,3 5 9 19 26 36,1
110000097,2021-12-06,1 2 15 22 23 36,3
110000096,2021-12-02,4 8 16 17 25 35,8
110000095,2021-11-29,20 21 22 25 30 35,4
110000094,2021-11-25,3 6 13 15 18 19,4
110000093,2021-11-22,9 13 17 18 19 21,4
110000092,2021-11-18,13 21 27 30 33 38,6
110000091,2021-11-15,6 9 19 21 29 32,8
110000090,2021-11-11,1 2 8 12 33 37,2
110000089,2021-11-08,6 8 18 22 30 33,4
110000088,2021-11-04,5 9 11 35 37 38,4
110000087,2021-11-01,10 16 19 22 32 37,6
110000086,2021-10-28,3 10 14 18 27 32,7
110000085,2021-10-25,6 10 13 16 29 33,3
110000084,2021-10-21,11 12 14 22 33 35,2
110000083,2021-10-18,1 2 5 13 24 33,3
110000082,2021-10-14,1 16 20 22 31 33,8
110000081,2021-10-11,5 12 15 24 33 38,2
110000080,2021-10-07,5 7 12 13 15 31,2
110000079,2021-10-04,3 5 8 10 14 34,6
110000078,2021-09-30,2 10 16 21 27 28,7
110000077,2021-09-27,1 14 16 20 28 33,1
110000076,2021-09-23,2 20 21 35 36 37,3
110000075,2021-09-20,4 13 20 24 26 31,2
110000074,2021-09-16,8 14 16 22 29 38,3
110000073,2021-09-13,2 3 14 33 37 38,2
110000072,2021-09-09,1 2 5 26 29 33,4
110000071,2021-09-06,2 6 12 15 26 28,8
110000070,2021-09-02,9 12 13 19 27 38,6
110000069,2021-08-30,3 6 11 14 17 30,8
110000068,2021-08-26,18 22 25 27 31 35,1
110000067,2021-08-23,8 9 19 23 24 35,1
110000066,2021-08-19,3 10 13 29 37 38,2
110000065,2021-08-16,2 14 16 24 27 29,7
110000064,2021-08-12,10 22 28 32 34 36,1
110000063,2021-08-09,6 10 23 29 35 38,1
110000062,2021-08-05,1 3 4 7 26 28,8
110000061,2021-08-02,10 11 23 25 30 37,5
110000060,2021-07-29,10 14 22 23 32 35,3
110000059,2021-07-26,12 19 20 26 27 34,8
110000058,2021-07-22,4 5 10 19 29 31,1
110000057,2021-07-19,1 7 9 11 12 15,6
110000056,2021-07-15,19 20 27 29 31 37,1
110000055,2021-07-12,7 15 21 22 29 36,5
110000054,2021-07-08,1 4 13 14 31 38,3
110000053,2021-07-05,4 10 11 17 18 24,1
110000052,2021-07-01,8 16 19 29 34 35,3
110000051,2021-06-28,2 6 13 16 26 28,3
110000050,2021-06-24,7 11 15 23 31 34,1
110000049,2021-06-21,2 8 10 24 37 38,2
110000048,2021-06-17,4 14 18 32 35 38,1
110000047,2021-06-14,6 8 16 27 28 38,4
110000046,2021-06-10,2 18 20 28 31 32,5
110000045,2021-06-07,5 7 10 23 28 30,7
110000044,2021-06-03,7 13 20 25 32 37,7
110000043,2021-05-31,2 5 7 10 16 36,1
110000042,2021-05-27,4 7 11 23 24 34,6
110000041,2021-05-24,5 11 14 19 33 38,2
110000040,2021-05-20,3 14 15 22 25 36,4
110000039,2021-05-17,1 4 7 12 25 26,6
110000038,2021-05-13,5 6 7 13 19 28,4
110000037,2021-05-10,3 14 22 25 28 30,8
110000036,2021-05-06,6 9 11 23 26 35,8
110000035,2021-05-03,8 16 21 26 31 37,7
110000034,2021-04-29,5 13 16 18 29 34,4
110000033,2021-04-26,1 12 24 25 31 34,6
110000032,2021-04-22,1 4 6 24 27 37,4
110000031,2021-04-19,2 8 18 22 26 32,1
110000030,2021-04-15,13 16 27 30 31 36,3
110000029,2021-04-12,15 16 19 21 24 27,2
110000028,2021-04-08,5 6 11 14 34 37,2
110000027,2021-04-05,2 4 5 11 24 32,1
110000026,2021-04-01,5 11 16 17 22 26,4
110000025,2021-03-29,2 11 18 23 26 37,2
110000024,2021-03-25,4 5 12 17 29 32,7
110000023,2021-03-22,7 14 27 31 33 36,2
110000022,2021-03-18,2 14 17 18 19 28,4
110000021,2021-03-15,3 7 14 19 26 33,2
110000020,2021-03-11,7 17 21 27 30 31,5
110000019,2021-03-08,3 9 19 23 25 31,1
110000018,2021-03-04,2 11 18 30 31 32,6
110000017,2021-03-01,5 9 10 21 32 38,7
110000016,2021-02-25,3 4 6 16 32 34,3
110000015,2021-02-22,7 13 14 17 21 27,6
110000014,2021-02-18,4 21 24 26 34 35,8
110000013,2021-02-15,2 12 13 16 22 32,7
110000012,2021-02-11,3 9 11 13 14 32,8
110000011,2021-02-08,3 6 7 11 32 37,7
110000010,2021-02-04,7 8 9 14 22 29,2
110000009,2021-02-01,1 13 17 34 36 38,2
110000008,2021-01-28,1 9 19 30 34 36,8
110000007,2021-01-25,4 11 13 22 29 31,1
110000006,2021-01-21,5 7 16 28 32 38,4
110000005,2021-01-18,2 3 17 18 20 31,8
110000004,2021-01-14,1 20 21 29 30 36,5
110000003,2021-01-11,6 14 15 18 19 33,5
110000002,2021-01-07,4 9 12 20 32 35,3
110000001,2021-01-04,7 14 20 31 34 38,3
109000105,2020-12-31,2 9 13 20 25 27,7
109000104,2020-12-28,12 15 18 22 31 38,5
109000103,2020-12-24,3 8 23 25 35 36,3
109000102,2020-12-21,2 6 12 22 32 33,2
109000101,2020-12-17,2 6 11 16 25 38,4
109000100,2020-12-14,4 6 17 23 30 35,3
109000099,2020-12-10,15 21 29 30 32 34,8
109000098,2020-12-07,3 6 12 15 28 35,8
109000097,2020-12-03,5 7 29 33 34 35,8
109000096,2020-11-30,2 4 14 15 17 21,5
109000095,2020-11-26,1 9 14 28 29 36,6
109000094,2020-11-23,11 13 16 24 26 35,6
109000093,2020-11-19,9 14 18 22 29 35,6
109000092,2020-11-16,1 20 24 26 31 32,3
109000091,2020-11-12,4 15 24 29 33 37,1
109000090,2020-11-09,6 10 29 31 34 36,5
109000089,2020-11-05,1 2 12 24 29 37,4
109000088,2020-11-02,4 12 15 32 37 38,4
109000087,2020-10-29,3 7 12 21 30 32,2
109000086,2020-10-26,11 20 24 26 36 37,1
109000085,2020-10-22,8 15 21 24 26 30,7
109000084,2020-10-19,5 7 10 19 30 38,7
109000083,2020-10-15,1 2 4 6 21 38,7
109000082,2020-10-12,3 15 16 20 24 25,4
109000081,2020-10-08,3 4 5 6 13 14,5
109000080,2020-10-05,1 14 19 26 32 35,2
109000079,2020-10-01,11 13 15 19 25 33,1
109000078,2020-09-28,8 9 11 18 26 37,2
109000077,2020-09-24,6 13 14 27 32 33,7
109000076,2020-09-21,8 9 15 19 21 34,5
109000075,2020-09-17,9 26 27 28 32 37,2
109000074,2020-09-14,6 22 26 33 37 38,2
109000073,2020-09-10,2 16 20 25 35 38,5
109000072,2020-09-07,9 15 22 31 33 38,2
109000071,2020-09-03,16 18 22 24 25 30,1
109000070,2020-08-31,1 12 14 16 17 30,6
109000069,2020-08-27,18 19 20 27 33 36,8
109000068,2020-08-24,5 24 28 29 31 33,7
109000067,2020-08-20,11 27 34 35 37 38,2
109000066,2020-08-17,6 22 24 34 36 38,7
109000065,2020-08-13,6 10 12 23 32 34,6
109000064,2020-08-10,4 5 6 15 19 22,3
109000063,2020-08-06,1 10 16 19 26 34,1
109000062,2020-08-03,1 4 14 21 24 31,8
109000061,2020-07-30,11 12 14 16 22 26,4
109000060,2020-07-27,5 8 19 21 27 37,2
109000059,2020-07-23,1 9 17 18 31 35,2
109000058,2020-07-20,4 15 20 22 26 37,1
109000057,2020-07-16,6 13 14 31 33 35,8
109000056,2020-07-13,2 3 11 18 26 31,3
109000055,2020-07-09,3 12 17 24 29 35,4
109000054,2020-07-06,15 24 30 31 32 35,8
109000053,2020-07-02,2 5 7 28 30 38,5
109000052,2020-06-29,1 8 19 26 27 38,8
109000051,2020-06-25,15 17 22 24 27 36,6
109000050,2020-06-22,7 10 21 23 24 27,1
109000049,2020-06-18,6 12 20 25 27 37,5
109000048,2020-06-15,14 16 20 23 28 32,7
109000047,2020-06-11,6 17 22 26 27 38,4
109000046,2020-06-08,1 8 15 16 28 33,6
109000045,2020-06-04,4 6 18 26 37 38,1
109000044,2020-06-01,1 4 13 19 21 25,8
109000043,2020-05-28,2 4 7 8 18 35,6
109000042,2020-05-25,3 4 14 18 28 29,4
109000041,2020-05-21,4 7 24 27 33 35,8
109000040,2020-05-18,4 11 25 27 35 36,8
109000039,2020-05-14,12 17 24 30 34 35,2
109000038,2020-05-11,14 15 25 28 32 34,8
109000037,2020-05-07,5 20 21 23 25 36,3
109000036,2020-05-04,2 19 23 31 32 35,7
109000035,2020-04-30,7 11 12 15 30 31,6
109000034,2020-04-27,1 3 13 15 17 33,1
109000033,2020-04-23,10 15 16 17 18 26,6
109000032,2020-04-20,5 12 17 20 23 38,7
109000031,2020-04-16,3 6 17 20 25 30,5
109000030,2020-04-13,10 11 18 19 22 37,1
109000029,2020-04-09,1 3 12 16 33 35,1
109000028,2020-04-06,1 14 28 30 31 33,2
109000027,2020-04-02,16 17 19 23 26 37,8
109000026,2020-03-30,9 11 12 31 33 36,5
109000025,2020-03-26,10 14 15 31 33 35,4
109000024,2020-03-23,4 16 25 30 34 37,2
109000023,2020-03-19,4 16 23 27 30 33,6
109000022,2020-03-16,4 11 13 19 31 34,7
109000021,2020-03-12,2 7 10 16 26 33,5
109000020,2020-03-09,18 19 22 27 30 35,1
109000019,2020-03-05,3 4 9 24 34 38,1
109000018,2020-03-02,13 25 30 31 33 38,8
109000017,2020-02-27,3 10 15 20 22 31,4
109000016,2020-02-24,1 6 8 14 24 30,3
109000015,2020-02-20,3 8 10 11 17 33,3
109000014,2020-02-17,9 10 21 22 24 36,1
109000013,2020-02-13,5 7 10 17 19 28,1
109000012,2020-02-10,4 12 14 16 19 21,8
109000011,2020-02-06,5 9 16 24 26 29,4
109000010,2020-02-03,10 18 24 29 34 35,2
109000009,2020-01-30,16 17 18 31 34 36,4
109000008,2020-01-27,2 14 28 29 33 37,3
109000007,2020-01-23,18 25 26 31 32 35,4
109000006,2020-01-20,12 20 27 29 33 36,1
109000005,2020-01-16,1 9 27 32 35 38,4
109000004,2020-01-13,12 13 18 19 27 28,3
109000003,2020-01-09,1 7 8 15 21 24,3
109000002,2020-01-06,6 14 19 20 23 31,7
109000001,2020-01-02,3 7 12 16 20 30,8
108000104,2019-12-30,11 13 15 19 26 31,7
108000103,2019-12-26,5 12 13 19 27 38,5
108000102,2019-12-23,12 13 25 28 30 35,3
108000101,2019-12-19,1 17 23 27 28 33,6
108000100,2019-12-16,6 14 19 29 30 31,1
108000099,2019-12-12,9 12 13 21 30 32,7
108000098,2019-12-09,1 14 16 21 25 34,6
108000097,2019-12-05,3 5 15 21 26 28,6
108000096,2019-12-02,2 8 11 24 25 30,6
108000095,2019-11-28,8 21 27 31 33 36,7
108000094,2019-11-25,6 16 17 24 28 31,5
108000093,2019-11-21,3 5 20 26 31 37,4
108000092,2019-11-18,6 8 19 28 29 32,2
108000091,2019-11-14,7 9 15 17 22 28,1
108000090,2019-11-11,9 16 22 25 26 29,4
108000089,2019-11-07,2 18 22 31 32 38,3
108000088,2019-11-04,7 8 13 15 26 30,4
108000087,2019-10-31,2 4 6 12 26 29,6
108000086,2019-10-28,5 18 20 21 26 32,5
108000085,2019-10-24,6 8 19 22 30 32,2
108000084,2019-10-21,5 7 13 20 23 27,8
108000083,2019-10-17,2 4 20 22 35 38,8
108000082,2019-10-14,13 14 15 16 31 33,4
108000081,2019-10-10,6 8 14 20 27 30,3
108000080,2019-10-07,5 15 27 29 31 36,4
108000079,2019-10-03,11 13 19 28 30 34,4
108000078,2019-09-30,3 18 21 27 33 34,5
108000077,2019-09-26,13 14 17 20 22 23,8
108000076,2019-09-23,21 23 27 30 32 36,3
108000075,2019-09-19,8 12 24 26 27 31,1
108000074,2019-09-16,2 4 11 16 21 29,3
108000073,2019-09-12,2 13 20 28 29 34,2
108000072,2019-09-09,13 19 25 26 34 36,6
108000071,2019-09-05,1 8 13 21 26 32,1
108000070,2019-09-02,2 8 11 12 25 28,8
108000069,2019-08-29,1 8 14 16 21 23,1
108000068,2019-08-26,3 7 18 22 28 35,5
108000067,2019-08-22,2 3 7 9 25 27,5
108000066,2019-08-19,6 10 18 19 29 31,6
108000065,2019-08-15,3 5 17 23 27 31,1
108000064,2019-08-12,2 6 29 31 36 37,8
108000063,2019-08-08,7 8 15 19 34 38,8
108000062,2019-08-05,1 7 14 16 20 30,4
108000061,2019-08-01,11 24 25 31 32 37,8
108000060,2019-07-29,4 7 11 14 29 36,4
108000059,2019-07-25,1 19 23 25 32 37,2
108000058,2019-07-22,2 3 6 8 13 21,7
108000057,2019-07-18,2 3 14 17 20 38,3
108000056,2019-07-15,10 18 26 29 30 34,5
108000055,2019-07-11,4 6 16 18 19 28,2
108000054,2019-07-08,5 6 18 24 25 35,2
108000053,2019-07-04,22 23 24 33 34 38,4
108000052,2019-07-01,2 14 16 17 27 28,1
108000051,2019-06-27,2 5 11 17 29 34,5
108000050,2019-06-24,14 23 27 34 35 36,3
108000049,2019-06-20,3 14 16 19 21 30,2
108000048,2019-06-17,11 13 19 33 34 36,1
108000047,2019-06-13,11 21 26 33 35 37,4
108000046,2019-06-10,7 14 29 32 36 38,5
108000045,2019-06-06,7 9 14 16 19 21,5
108000044,2019-06-03,20 23 24 29 35 38,1
108000043,2019-05-30,4 6 10 13 36 37,8
108000042,2019-05-27,4 10 13 15 31 35,1
108000041,2019-05-23,3 9 23 27 29 30,1
108000040,2019-05-20,3 15 18 19 22 26,2
108000039,2019-05-16,5 7 8 9 12 25,6
108000038,2019-05-13,5 6 13 17 23 33,2
108000037,2019-05-09,7 8 10 15 17 23,3
108000036,2019-05-06,1 15 18 24 36 38,6
108000035,2019-05-02,4 7 16 21 27 34,4
108000034,2019-04-29,3 6 27 28 29 38,1
108000033,2019-04-25,2 3 16 25 37 38,7
108000032,2019-04-22,2 3 15 16 31 36,4
108000031,2019-04-18,1 4 22 23 28 30,2
108000030,2019-04-15,4 15 16 26 27 35,4
108000029,2019-04-11,2 13 20 21 22 26,1
108000028,2019-04-08,3 5 12 31 35 36,1
108000027,2019-04-04,4 5 12 21 24 38,3
108000026,2019-04-01,1 10 11 15 28 36,8
108000025,2019-03-28,4 21 22 31 34 36,2
108000024,2019-03-25,3 6 7 20 24 27,4
108000023,2019-03-21,6 10 19 20 22 36,6
108000022,2019-03-18,2 10 11 21 22 28,7
108000021,2019-03-14,4 9 21 23 33 36,4
108000020,2019-03-11,11 15 21 27 28 33,6
108000019,2019-03-07,7 14 19 28 31 34,5
108000018,2019-03-04,2 17 19 21 27 30,2
108000017,2019-02-28,3 4 19 23 26 27,8
108000016,2019-02-25,2 4 8 10 24 30,7
108000015,2019-02-21,5 6 13 33 34 37,4
108000014,2019-02-18,3 4 7 19 24 28,4
108000013,2019-02-14,5 9 14 23 27 29,2
108000012,2019-02-11,2 13 16 17 29 36,1
108000011,2019-02-07,1 9 21 26 27 36,8
108000010,2019-02-04,6 7 13 15 28 37,3
108000009,2019-01-31,17 19 20 26 29 36,1
108000008,2019-01-28,20 22 25 29 31 32,3
108000007,2019-01-24,8 17 20 22 25 37,2
108000006,2019-01-21,2 4 5 15 27 35,3
108000005,2019-01-17,7 8 12 13 15 30,8
108000004,2019-01-14,2 11 12 19 26 28,7
108000003,2019-01-10,2 3 5 17 36 37,5
108000002,2019-01-07,10 11 17 25 28 38,3
108000001,2019-01-03,3 21 23 24 26 32,3
107000105,2018-12-31,9 11 12 23 28 36,4
107000104,2018-12-27,3 19 24 25 31 37,6
107000103,2018-12-24,3 12 13 19 22 23,1
107000102,2018-12-20,7 12 13 27 28 37,6
107000101,2018-12-17,10 14 18 27 31 32,2
107000100,2018-12-13,2 3 9 18 22 35,8
107000099,2018-12-10,1 6 10 17 33 35,7
107000098,2018-12-06,4 13 16 21 24 38,2
107000097,2018-12-03,7 17 20 21 22 23,4
107000096,2018-11-29,2 10 18 26 28 35,1
107000095,2018-11-26,1 16 25 30 31 32,7
107000094,2018-11-22,1 2 3 15 21 33,7
107000093,2018-11-19,6 10 18 22 25 38,5
107000092,2018-11-15,17 18 20 22 33 38,8
107000091,2018-11-12,2 3 5 13 18 36,8
107000090,2018-11-08,4 11 16 19 25 29,1
107000089,2018-11-05,13 17 19 20 24 30,2
107000088,2018-11-01,8 12 23 25 27 38,6
107000087,2018-10-29,3 11 20 33 34 35,2
107000086,2018-10-25,4 13 20 26 37 38,2
107000085,2018-10-22,6 7 11 14 15 34,1
107000084,2018-10-18,4 12 20 32 35 36,1
107000083,2018-10-15,3 4 13 20 23 28,7
107000082,2018-10-11,6 12 14 16 19 21,6
107000081,2018-10-08,9 16 21 24 29 36,3
107000080,2018-10-04,6 15 24 26 28 30,3
107000079,2018-10-01,2 18 21 25 31 37,8
107000078,2018-09-27,2 4 23 24 32 38,1
107000077,2018-09-24,6 7 9 22 28 33,1
107000076,2018-09-20,22 25 31 32 34 35,2
107000075,2018-09-17,2 3 12 15 21 24,3
107000074,2018-09-13,14 21 24 29 31 32,5
107000073,2018-09-10,10 22 24 31 33 36,5
107000072,2018-09-06,22 23 24 25 32 34,2
107000071,2018-09-03,1 9 12 13 17 29,3
107000070,2018-08-30,4 5 19 29 33 36,2
107000069,2018-08-27,3 4 13 22 31 38,4
107000068,2018-08-23,2 11 15 18 20 36,6
107000067,2018-08-20,4 8 13 19 30 35,4
107000066,2018-08-16,19 24 27 33 34 38,6
107000065,2018-08-13,3 16 19 25 35 36,2
107000064,2018-08-09,3 9 10 26 29 36,5
107000063,2018-08-06,5 13 20 27 34 38,2
107000062,2018-08-02,6 10 14 20 25 26,4
107000061,2018-07-30,3 9 10 24 28 31,6
107000060,2018-07-26,6 8 22 24 25 31,2
107000059,2018-07-23,3 4 17 23 28 32,1
107000058,2018-07-19,1 8 24 26 30 37,5
107000057,2018-07-16,5 7 11 19 29 33,6
107000056,2018-07-12,4 12 14 16 25 27,3
107000055,2018-07-09,1 7 10 20 23 24,1
107000054,2018-07-05,3 15 19 22 27 38,6
107000053,2018-07-02,2 4 7 11 19 32,5
107000052,2018-06-28,6 15 18 24 25 28,5
107000051,2018-06-25,6 22 27 33 35 38,8
107000050,2018-06-21,14 19 24 31 34 36,2
107000049,2018-06-18,1 7 9 10 16 17,6
107000048,2018-06-14,5 6 12 20 23 32,2
107000047,2018-06-11,4 16 17 20 23 27,4
107000046,2018-06-07,1 18 24 27 30 31,4
107000045,2018-06-04,4 17 25 27 31 33,7
107000044,2018-05-31,2 3 13 23 26 38,7
107000043,2018-05-28,9 12 14 20 26 32,6
107000042,2018-05-24,5 15 22 24 29 38,8
107000041,2018-05-21,4 7 16 21 35 36,1
107000040,2018-05-17,10 11 17 22 24 38,4
107000039,2018-05-14,5 12 27 30 32 37,7
107000038,2018-05-10,8 9 13 18 22 36,8
107000037,2018-05-07,5 8 15 28 33 35,6
107000036,2018-05-03,6 9 10 12 18 26,5
107000035,2018-04-30,4 8 12 16 18 22,2
107000034,2018-04-26,8 18 19 26 27 35,2
107000033,2018-04-23,3 7 13 16 21 36,7
107000032,2018-04-19,4 9 15 18 29 33,7
107000031,2018-04-16,19 20 23 24 32 38,1
107000030,2018-04-12,9 10 12 21 24 37,7
107000029,2018-04-09,1 3 13 21 23 38,2
107000028,2018-04-05,6 15 19 34 37 38,3
107000027,2018-04-02,9 18 22 28 29 30,2
107000026,2018-03-29,8 13 14 19 24 36,2
107000025,2018-03-26,11 13 14 15 22 32,2
107000024,2018-03-22,8 13 15 24 33 34,7
107000023,2018-03-19,13 16 21 23 34 38,6
107000022,2018-03-15,1 4 16 19 24 28,6
107000021,2018-03-12,2 8 13 19 22 36,1
107000020,2018-03-08,1 12 24 25 31 35,4
107000019,2018-03-05,12 13 20 22 31 38,2
107000018,2018-03-01,12 22 25 31 32 36,2
107000017,2018-02-26,5 6 12 19 26 33,6
107000016,2018-02-22,3 5 7 16 18 27,1
107000015,2018-02-19,5 8 12 26 30 36,4
107000014,2018-02-15,1 8 11 14 15 19,3
107000013,2018-02-12,1 6 8 17 25 33,2
107000012,2018-02-08,4 6 11 14 18 24,5
107000011,2018-02-05,9 10 24 25 27 33,2
107000010,2018-02-01,2 13 17 19 26 36,6
107000009,2018-01-29,2 8 26 32 33 37,7
107000008,2018-01-25,9 14 20 29 36 38,4
107000007,2018-01-22,6 9 10 13 28 38,6
107000006,2018-01-18,5 11 16 17 23 38,2
107000005,2018-01-15,6 13 16 26 32 33,3
107000004,2018-01-11,5 8 12 19 25 38,3
107000003,2018-01-08,3 6 11 26 31 38,6
107000002,2018-01-04,2 12 21 24 34 37,5
107000001,2018-01-01,13 15 16 30 32 37,6
106000104,2017-12-28,1 14 18 23 28 29,7
106000103,2017-12-25,2 10 12 15 16 21,5
106000102,2017-12-21,3 8 22 23 24 36,4
106000101,2017-12-18,1 3 7 17 24 28,7
106000100,2017-12-14,1 6 12 24 25 30,3
106000099,2017-12-11,3 10 15 16 23 38,3
106000098,2017-12-07,3 4 7 17 20 22,5
106000097,2017-12-04,17 19 20 24 26 36,3
106000096,2017-11-30,7 8 13 28 29 34,2
106000095,2017-11-27,10 13 14 17 20 21,2
106000094,2017-11-23,14 17 20 28 29 34,5
106000093,2017-11-20,9 16 18 26 30 37,5
106000092,2017-11-16,1 11 13 20 21 38,2
106000091,2017-11-13,4 15 17 20 25 28,1
106000090,2017-11-09,8 18 19 20 23 37,8
106000089,2017-11-06,1 9 16 21 27 31,5
106000088,2017-11-02,2 9 19 26 29 31,1
106000087,2017-10-30,13 14 19 24 32 38,1
106000086,2017-10-26,5 7 24 26 34 38,3
106000085,2017-10-23,10 11 17 30 33 35,8
106000084,2017-10-19,6 8 10 11 12 21,6
106000083,2017-10-16,2 7 9 16 17 25,7
106000082,2017-10-12,4 17 20 25 27 33,6
106000081,2017-10-09,15 17 19 20 24 27,8
106000080,2017-10-05,6 7 8 12 28 30,1
106000079,2017-10-02,3 13 17 26 34 38,8
106000078,2017-09-28,1 4 18 25 34 36,1
106000077,2017-09-25,3 4 15 16 24 34,4
106000076,2017-09-21,4 6 11 16 18 23,4
106000075,2017-09-18,2 4 8 22 26 37,1
106000074,2017-09-14,5 13 22 25 26 31,5
106000073,2017-09-11,1 3 21 26 32 34,2
106000072,2017-09-07,2 3 7 12 14 22,4
106000071,2017-09-04,8 10 14 15 18 29,2
106000070,2017-08-31,2 5 8 9 14 18,4
106000069,2017-08-28,4 10 15 16 17 28,1
106000068,2017-08-24,4 12 15 17 22 30,3
106000067,2017-08-21,1 3 17 20 26 31,2
106000066,2017-08-17,9 11 12 13 24 30,4
106000065,2017-08-14,1 8 13 19 30 35,5
106000064,2017-08-10,1 5 12 22 30 32,8
106000063,2017-08-07,4 6 7 22 25 37,4
106000062,2017-08-03,1 17 18 21 25 37,1
106000061,2017-07-31,1 8 9 29 35 38,1
106000060,2017-07-27,11 15 17 26 29 34,1
106000059,2017-07-24,5 19 25 29 32 34,8
106000058,2017-07-20,9 10 13 15 22 35,3
106000057,2017-07-17,6 10 11 25 32 38,3
106000056,2017-07-13,13 16 18 19 30 33,3
106000055,2017-07-10,5 14 16 21 22 28,5
106000054,2017-07-06,8 12 21 30 34 35,5
106000053,2017-07-03,3 7 8 11 31 32,3
106000052,2017-06-29,4 7 19 20 25 36,8
106000051,2017-06-26,17 19 20 27 31 37,3
106000050,2017-06-22,3 6 12 18 20 35,2
106000049,2017-06-19,6 9 13 21 24 30,5
106000048,2017-06-15,8 13 23 28 34 35,2
106000047,2017-06-12,7 9 15 20 30 31,5
106000046,2017-06-08,1 8 9 11 26 29,4
106000045,2017-06-05,2 4 15 16 25 36,3
106000044,2017-06-01,1 5 8 31 34 35,2
106000043,2017-05-29,1 8 11 13 20 37,1
106000042,2017-05-25,7 15 22 24 26 34,1
106000041,2017-05-22,2 5 10 11 36 38,3
106000040,2017-05-18,1 4 15 17 30 32,3
106000039,2017-05-15,6 11 12 14 27 31,4
106000038,2017-05-11,4 6 12 28 29 37,3
106000037,2017-05-08,3 7 14 17 26 38,7
106000036,2017-05-04,4 9 13 14 19 37,2
106000035,2017-05-01,2 4 7 16 17 23,1
106000034,2017-04-27,4 6 11 18 24 26,4
106000033,2017-04-24,1 6 12 24 25 35,6
106000032,2017-04-20,1 14 16 19 24 35,8
106000031,2017-04-17,2 11 23 24 34 35,4
106000030,2017-04-13,1 7 9 19 30 37,4
106000029,2017-04-10,6 8 10 12 18 38,3
106000028,2017-04-06,1 2 7 33 36 37,5
106000027,2017-04-03,1 13 15 22 26 33,6
106000026,2017-03-30,5 10 12 16 31 37,7
106000025,2017-03-27,5 12 22 34 35 38,2
106000024,2017-03-23,7 8 14 15 18 29,2
106000023,2017-03-20,3 4 27 29 35 38,2
106000022,2017-03-16,2 8 11 15 20 21,2
106000021,2017-03-13,5 13 14 23 30 32,2
106000020,2017-03-09,6 7 18 20 24 32,7
106000019,2017-03-06,6 7 11 23 25 26,4
106000018,2017-03-02,3 8 14 19 28 34,2
106000017,2017-02-27,18 20 25 32 37 38,1
106000016,2017-02-23,1 2 6 11 16 29,7
106000015,2017-02-20,12 16 17 24 35 38,4
106000014,2017-02-16,6 12 14 15 20 24,7
106000013,2017-02-13,4 9 21 22 25 33,7
106000012,2017-02-09,1 3 25 28 30 36,2
106000011,2017-02-06,2 15 20 21 33 34,3
106000010,2017-02-02,1 9 10 20 30 37,3
106000009,2017-01-30,3 7 8 10 18 31,4
106000008,2017-01-26,2 8 16 17 24 38,5
106000007,2017-01-23,2 5 7 8 15 24,7
106000006,2017-01-19,3 7 25 26 35 36,5
106000005,2017-01-16,15 16 18 20 23 24,3
106000004,2017-01-12,2 7 10 17 31 32,3
106000003,2017-01-09,4 8 15 24 35 36,6
106000002,2017-01-05,7 13 18 24 29 37,7
106000001,2017-01-02,4 7 9 21 31 34,2
105000104,2016-12-29,8 11 15 17 21 31,7
105000103,2016-12-26,7 11 22 24 31 36,3
105000102,2016-12-22,9 10 16 29 32 38,6
105000101,2016-12-19,6 9 12 23 28 34,5
105000100,2016-12-15,2 4 9 13 33 36,6
105000099,2016-12-12,5 11 15 20 26 31,4
105000098,2016-12-08,1 8 16 18 22 30,6
105000097,2016-12-05,13 23 30 32 33 35,8
105000096,2016-12-01,5 12 18 27 34 38,5
105000095,2016-11-28,13 18 26 30 32 36,3
105000094,2016-11-24,1 7 10 15 16 28,2
105000093,2016-11-21,10 14 23 28 32 36,2
105000092,2016-11-17,7 8 28 29 37 38,1
105000091,2016-11-14,5 6 13 15 17 30,7
105000090,2016-11-10,1 4 5 15 27 29,4
105000089,2016-11-07,9 19 22 29 30 34,4
105000088,2016-11-03,4 5 14 21 26 36,5
105000087,2016-10-31,10 15 20 24 27 34,8
105000086,2016-10-27,5 11 12 26 31 33,7
105000085,2016-10-24,1 5 6 8 14 27,4
105000084,2016-10-20,4 13 19 23 24 29,5
105000083,2016-10-17,1 6 10 20 23 35,6
105000082,2016-10-13,2 5 6 10 33 36,3
105000081,2016-10-10,7 11 20 29 34 38,4
105000080,2016-10-06,5 7 14 19 33 34,3
105000079,2016-10-03,2 7 26 27 32 36,2
105000078,2016-09-29,2 6 13 20 28 37,2
105000077,2016-09-26,5 10 11 20 22 36,6
105000076,2016-09-22,14 15 19 24 25 37,6
105000075,2016-09-19,7 8 12 15 18 31,6
105000074,2016-09-15,3 4 6 17 29 37,7
105000073,2016-09-12,9 11 13 23 33 36,3
105000072,2016-09-08,10 18 21 27 31 33,3
105000071,2016-09-05,4 7 21 25 35 37,4
105000070,2016-09-01,10 14 18 21 29 37,5
105000069,2016-08-29,7 8 23 29 32 34,5
105000068,2016-08-25,1 13 30 31 33 37,8
105000067,2016-08-22,12 16 23 26 29 33,7
105000066,2016-08-18,1 8 17 22 24 26,6
105000065,2016-08-15,5 8 14 28 30 38,5
105000064,2016-08-11,1 22 31 33 35 37,3
105000063,2016-08-08,1 2 12 16 21 35,3
105000062,2016-08-04,6 14 17 18 32 38,2
105000061,2016-08-01,1 18 22 26 35 38,2
105000060,2016-07-28,3 6 8 17 21 37,1
105000059,2016-07-25,5 6 14 26 31 38,6
105000058,2016-07-21,13 20 22 23 29 38,8
105000057,2016-07-18,1 9 14 26 30 37,6
105000056,2016-07-14,7 25 27 31 36 37,7
105000055,2016-07-11,5 10 14 31 34 38,2
105000054,2016-07-07,2 5 11 17 23 27,2
105000053,2016-07-04,1 21 29 31 33 34,2
105000052,2016-06-30,6 16 22 23 31 34,8
105000051,2016-06-27,14 18 19 26 27 29,6
105000050,2016-06-23,5 8 12 15 31 33,5
105000049,2016-06-20,2 6 7 9 21 32,4
105000048,2016-06-16,2 9 11 19 31 35,4
105000047,2016-06-13,3 10 14 21 23 36,3
105000046,2016-06-09,10 12 24 27 35 38,6
105000045,2016-06-06,6 13 14 24 29 38,8
105000044,2016-06-02,11 16 17 33 34 38,8
105000043,2016-05-30,3 12 17 27 28 38,4
105000042,2016-05-26,3 5 12 24 25 28,6
105000041,2016-05-23,3 11 14 15 35 38,2
105000040,2016-05-19,1 10 16 23 30 32,2
105000039,2016-05-16,9 11 21 27 28 38,4
105000038,2016-05-12,1 12 15 19 22 32,5
105000037,2016-05-09,4 14 20 30 37 38,4
105000036,2016-05-05,2 9 14 16 18 19,6
105000035,2016-05-02,9 15 17 18 22 28,6
105000034,2016-04-28,1 6 8 15 24 37,7
105000033,2016-04-25,7 8 10 21 27 34,4
105000032,2016-04-21,13 15 16 23 27 30,2
105000031,2016-04-18,4 8 12 17 21 35,8
105000030,2016-04-14,15 22 28 29 30 38,7
105000029,2016-04-11,2 15 21 23 31 36,1
105000028,2016-04-07,3 6 26 29 33 36,5
105000027,2016-04-04,2 8 14 16 29 37,6
105000026,2016-03-31,2 7 11 25 26 28,4
105000025,2016-03-28,4 8 14 16 27 34,2
105000024,2016-03-24,3 8 16 24 31 38,6
105000023,2016-03-21,9 10 19 25 27 32,5
105000022,2016-03-17,7 9 19 26 28 31,8
105000021,2016-03-14,3 6 7 13 17 28,3
105000020,2016-03-10,6 16 21 32 35 38,7
105000019,2016-03-07,10 11 14 24 34 38,3
105000018,2016-03-03,3 11 12 22 24 27,6
105000017,2016-02-29,1 9 15 17 18 38,6
105000016,2016-02-25,10 15 18 28 29 33,5
105000015,2016-02-22,4 12 19 23 30 33,5
105000014,2016-02-18,8 20 23 27 36 37,4
105000013,2016-02-15,3 7 9 20 28 32,5
105000012,2016-02-11,1 16 20 25 30 33,1
105000011,2016-02-08,1 4 8 11 19 23,3
105000010,2016-02-04,7 13 22 32 34 37,7
105000009,2016-02-01,3 19 20 26 32 34,8
105000008,2016-01-28,3 9 23 26 30 36,5
105000007,2016-01-25,20 23 24 25 29 32,8
105000006,2016-01-21,6 15 18 22 34 35,3
105000005,2016-01-18,1 16 17 29 30 32,7
105000004,2016-01-14,9 11 13 17 27 34,6
105000003,2016-01-11,19 27 33 34 35 36,4
105000002,2016-01-07,5 14 28 34 35 38,6
105000001,2016-01-04,11 13 18 26 28 29,7
104000105,2015-12-31,3 13 22 26 31 37,6
104000104,2015-12-28,5 11 12 26 30 37,5
104000103,2015-12-24,13 17 23 27 29 34,5
104000102,2015-12-21,1 6 11 14 20 38,5
104000101,2015-12-17,6 8 13 15 17 29,5
104000100,2015-12-14,2 6 7 9 16 25,1
104000099,2015-12-10,11 12 26 30 32 34,8
104000098,2015-12-07,13 19 20 23 32 34,4
104000097,2015-12-03,7 8 17 19 20 30,2
104000096,2015-11-30,4 13 20 27 33 38,1
104000095,2015-11-26,3 4 5 7 19 38,4
104000094,2015-11-23,1 5 9 15 19 22,5
104000093,2015-11-19,3 5 27 28 35 37,5
104000092,2015-11-16,2 9 15 20 22 23,5
104000091,2015-11-12,1 2 13 15 29 33,3
104000090,2015-11-09,6 7 13 26 28 33,5
104000089,2015-11-05,1 11 12 20 24 37,8
104000088,2015-11-02,3 14 21 25 28 36,3
104000087,2015-10-29,3 10 11 18 19 33,5
104000086,2015-10-26,2 9 19 20 31 32,7
104000085,2015-10-22,4 8 16 24 26 33,6
104000084,2015-10-19,4 17 25 27 32 37,1
104000083,2015-10-15,9 10 24 31 35 36,7
104000082,2015-10-12,4 19 23 31 33 35,2
104000081,2015-10-08,7 9 10 16 19 22,8
104000080,2015-10-05,20 22 30 32 36 37,1
104000079,2015-10-01,2 6 14 16 23 31,3
104000078,2015-09-28,5 12 13 22 27 30,8
104000077,2015-09-24,3 5 13 16 24 26,3
104000076,2015-09-21,1 2 5 11 25 33,4
104000075,2015-09-17,9 11 24 27 34 35,4
104000074,2015-09-14,9 19 21 23 27 37,8
104000073,2015-09-10,15 22 25 26 32 34,4
104000072,2015-09-07,7 24 25 28 31 34,3
104000071,2015-09-03,3 4 5 15 16 33,6
104000070,2015-08-31,12 15 24 31 36 37,6
104000069,2015-08-27,2 17 23 27 30 34,1
104000068,2015-08-24,13 17 18 22 29 31,3
104000067,2015-08-20,3 7 20 21 24 33,8
104000066,2015-08-17,15 19 23 27 28 33,2
104000065,2015-08-13,6 13 25 27 29 33,1
104000064,2015-08-10,6 16 18 20 24 38,7
104000063,2015-08-06,6 8 9 14 22 24,3
104000062,2015-08-03,17 18 28 30 36 38,4
104000061,2015-07-30,3 9 11 16 23 24,4
104000060,2015-07-27,4 7 23 26 30 36,7
104000059,2015-07-23,2 3 11 16 18 29,4
104000058,2015-07-20,13 16 28 33 35 37,8
104000057,2015-07-16,1 2 7 24 31 38,8
104000056,2015-07-13,1 12 17 27 29 31,6
104000055,2015-07-09,3 4 15 27 32 36,5
104000054,2015-07-06,7 11 12 14 22 27,3
104000053,2015-07-02,7 23 29 31 36 37,8
104000052,2015-06-29,7 24 25 26 27 29,7
104000051,2015-06-25,3 8 10 17 27 37,8
104000050,2015-06-22,3 5 11 19 26 27,2
104000049,2015-06-18,5 8 13 17 21 38,5
104000048,2015-06-15,4 7 8 25 31 35,8
104000047,2015-06-11,9 24 26 27 37 38,6
104000046,2015-06-08,6 10 11 13 19 28,1
104000045,2015-06-04,3 15 21 24 33 35,2
104000044,2015-06-01,2 23 25 32 34 37,6
104000043,2015-05-28,19 21 22 25 31 33,1
104000042,2015-05-25,4 7 11 25 30 38,4
104000041,2015-05-21,1 6 12 15 25 37,2
104000040,2015-05-18,5 6 13 17 23 38,8
104000039,2015-05-14,10 15 16 22 30 35,5
104000038,2015-05-11,3 5 10 23 30 31,4
104000037,2015-05-07,7 13 18 24 26 27,6
104000036,2015-05-04,6 8 13 16 25 33,3
104000035,2015-04-30,12 13 23 26 32 35,4
104000034,2015-04-27,2 12 14 26 34 37,2
104000033,2015-04-23,9 11 15 25 28 38,3
104000032,2015-04-20,11 21 22 24 25 26,6
104000031,2015-04-16,3 8 26 28 29 35,3
104000030,2015-04-13,5 12 20 23 32 37,2
104000029,2015-04-09,2 6 11 12 15 28,2
104000028,2015-04-06,1 7 20 22 25 32,8
104000027,2015-04-02,1 8 12 18 19 37,5
104000026,2015-03-30,1 8 10 19 23 24,5
104000025,2015-03-26,6 14 24 26 36 38,3
104000024,2015-03-23,10 12 17 18 27 32,5
104000023,2015-03-19,6 17 30 34 35 38,2
104000022,2015-03-16,5 8 20 22 30 34,8
104000021,2015-03-12,1 2 14 22 27 30,1
104000020,2015-03-09,3 12 16 18 21 36,3
104000019,2015-03-05,2 4 8 13 24 26,2
104000018,2015-03-02,9 11 12 21 31 36,7
104000017,2015-02-26,8 21 22 26 32 37,4
104000016,2015-02-23,5 13 31 34 35 38,2
104000015,2015-02-19,4 12 13 15 23 38,4
104000014,2015-02-16,4 5 7 23 24 30,2
104000013,2015-02-12,7 8 10 25 33 36,3
104000012,2015-02-09,1 3 4 15 16 34,2
104000011,2015-02-05,3 10 16 25 29 37,1
104000010,2015-02-02,1 4 17 24 26 27,7
104000009,2015-01-29,1 4 14 18 29 30,8
104000008,2015-01-26,4 12 24 25 33 38,4
104000007,2015-01-22,14 18 26 27 30 36,5
104000006,2015-01-19,4 8 9 21 32 33,2
104000005,2015-01-15,1 3 16 28 29 37,2
104000004,2015-01-12,16 25 30 35 36 37,5
104000003,2015-01-08,3 13 17 29 36 38,7
104000002,2015-01-05,1 6 15 23 26 34,6
104000001,2015-01-01,1 3 5 11 17 21,2
103000104,2014-12-29,2 4 9 10 11 37,2
103000103,2014-12-25,3 6 10 14 23 36,1
103000102,2014-12-22,1 4 5 13 19 37,2
103000101,2014-12-18,1 5 18 20 26 29,5
103000100,2014-12-15,5 10 11 15 36 38,6
103000099,2014-12-11,7 12 13 21 24 28,6
103000098,2014-12-08,11 20 24 27 35 38,8
103000097,2014-12-04,2 5 7 11 22 36,6
103000096,2014-12-01,1 2 7 14 19 31,7
103000095,2014-11-27,1 2 21 29 33 36,8
103000094,2014-11-24,3 5 19 22 24 32,2
103000093,2014-11-20,12 17 30 31 33 35,4
103000092,2014-11-17,5 6 13 24 32 34,1
103000091,2014-11-13,12 14 15 17 27 35,6
103000090,2014-11-10,1 6 14 17 31 34,8
103000089,2014-11-06,5 15 19 20 32 36,3
103000088,2014-11-03,2 6 8 11 26 38,7
103000087,2014-10-30,6 8 9 10 27 34,6
103000086,2014-10-27,7 9 10 24 37 38,8
103000085,2014-10-23,8 12 27 28 35 38,6
103000084,2014-10-20,11 21 25 30 34 37,1
103000083,2014-10-16,9 11 12 20 24 30,2
103000082,2014-10-13,3 19 26 30 33 35,2
103000081,2014-10-09,2 6 7 8 9 38,8
103000080,2014-10-06,15 20 22 25 33 35,7
103000079,2014-10-02,4 12 13 26 31 33,6
103000078,2014-09-29,2 8 15 27 28 36,7
103000077,2014-09-25,10 12 22 26 28 36,8
103000076,2014-09-22,8 15 18 23 31 37,8
103000075,2014-09-18,5 10 15 23 24 35,6
103000074,2014-09-15,3 14 15 20 21 28,8
103000073,2014-09-11,5 7 15 25 29 37,8
103000072,2014-09-08,5 18 19 21 31 37,8
103000071,2014-09-04,1 8 10 14 24 26,1
103000070,2014-09-01,5 14 22 23 26 32,8
103000069,2014-08-28,1 15 23 24 26 29,5
103000068,2014-08-25,3 5 10 20 26 30,6
103000067,2014-08-21,18 22 23 25 32 36,6
103000066,2014-08-18,10 12 18 31 34 37,5
103000065,2014-08-14,4 11 12 16 19 23,6
103000064,2014-08-11,14 16 25 27 29 36,7
103000063,2014-08-07,17 18 23 25 26 36,5
103000062,2014-08-04,5 10 18 26 28 33,2
103000061,2014-07-31,1 15 17 31 33 38,2
103000060,2014-07-28,5 11 15 16 23 35,1
103000059,2014-07-24,6 17 25 29 35 36,1
103000058,2014-07-21,1 3 4 10 13 37,1
103000057,2014-07-17,16 20 21 27 29 37,3
103000056,2014-07-14,1 18 25 26 37 38,6
103000055,2014-07-10,1 2 10 21 22 31,8
103000054,2014-07-07,4 10 14 30 32 33,8
103000053,2014-07-03,8 10 14 22 31 36,4
103000052,2014-06-30,4 14 21 25 28 29,2
103000051,2014-06-26,4 12 19 24 27 30,7
103000050,2014-06-23,4 14 18 19 26 34,3
103000049,2014-06-19,10 11 16 24 29 30,1
103000048,2014-06-16,3 11 24 27 29 37,1
103000047,2014-06-12,4 14 19 22 27 30,5
103000046,2014-06-09,4 5 14 18 21 33,2
103000045,2014-06-05,8 10 12 19 20 37,1
103000044,2014-06-02,7 11 14 20 31 34,7
103000043,2014-05-29,18 19 22 27 32 35,2
103000042,2014-05-26,2 9 10 19 22 32,5
103000041,2014-05-22,9 12 20 34 36 37,3
103000040,2014-05-19,1 16 22 31 33 36,4
103000039,2014-05-15,7 9 21 28 33 35,8
103000038,2014-05-12,1 2 5 8 9 29,1
103000037,2014-05-08,9 10 14 19 28 29,8
103000036,2014-05-05,16 24 25 31 32 33,5
103000035,2014-05-01,2 4 5 11 32 33,8
103000034,2014-04-28,1 4 18 26 30 36,1
103000033,2014-04-24,8 14 19 21 30 31,2
103000032,2014-04-21,9 12 13 24 25 34,5
103000031,2014-04-17,1 6 17 19 27 30,6
103000030,2014-04-14,6 22 31 32 33 38,4
103000029,2014-04-10,6 10 14 15 18 24,7
103000028,2014-04-07,5 21 25 28 32 38,5
103000027,2014-04-03,2 13 22 25 27 33,8
103000026,2014-03-31,2 8 15 16 17 30,6
103000025,2014-03-27,4 15 19 22 37 38,5
103000024,2014-03-24,6 14 24 31 35 37,1
103000023,2014-03-20,1 8 18 25 35 37,5
103000022,2014-03-17,2 12 15 22 27 28,5
103000021,2014-03-13,11 15 19 21 27 30,4
103000020,2014-03-10,11 18 22 27 28 29,4
103000019,2014-03-06,8 13 15 20 27 28,4
103000018,2014-03-03,1 5 9 13 28 37,5
103000017,2014-02-27,4 8 20 21 23 26,5
103000016,2014-02-24,10 15 23 27 29 36,5
103000015,2014-02-20,1 3 10 13 18 30,1
103000014,2014-02-17,8 12 14 17 33 37,5
103000013,2014-02-13,6 8 16 20 35 36,8
103000012,2014-02-10,13 20 25 27 28 33,1
103000011,2014-02-06,2 8 25 29 35 36,2
103000010,2014-02-03,17 19 21 24 28 37,6
103000009,2014-01-30,6 10 11 14 16 30,1
103000008,2014-01-27,8 20 26 28 36 38,8
103000007,2014-01-23,12 26 28 29 31 32,6
103000006,2014-01-20,4 9 21 23 36 37,3
103000005,2014-01-16,13 14 23 34 37 38,7
103000004,2014-01-13,3 4 23 24 26 30,2
103000003,2014-01-09,4 22 23 31 34 35,1
103000002,2014-01-06,7 8 12 18 23 31,2
103000001,2014-01-02,8 10 19 27 28 37,3
102000104,2013-12-30,6 31 32 34 35 37,4
102000103,2013-12-26,2 12 13 21 22 26,4
102000102,2013-12-23,8 10 12 21 30 33,1
102000101,2013-12-19,4 6 13 26 36 38,8
102000100,2013-12-16,4 14 21 22 26 32,7
102000099,2013-12-12,1 8 25 28 34 38,6
102000098,2013-12-09,5 7 14 15 34 38,1
102000097,2013-12-05,5 8 20 22 31 35,7
102000096,2013-12-02,3 5 28 31 32 35,1
102000095,2013-11-28,16 17 18 28 35 37,4
102000094,2013-11-25,4 12 25 30 33 35,2
102000093,2013-11-21,5 15 21 23 27 35,7
102000092,2013-11-18,3 6 10 31 35 37,1
102000091,2013-11-14,12 18 21 28 36 38,1
102000090,2013-11-11,8 11 13 16 22 24,7
102000089,2013-11-07,1 9 11 13 19 27,5
102000088,2013-11-04,5 7 22 28 31 36,3
102000087,2013-10-31,1 4 6 16 32 38,3
102000086,2013-10-28,4 10 13 14 29 30,7
102000085,2013-10-24,11 13 15 30 33 36,3
102000084,2013-10-21,6 10 16 23 24 30,8
102000083,2013-10-17,2 3 7 17 26 31,8
102000082,2013-10-14,2 14 25 27 29 38,3
102000081,2013-10-10,7 12 25 31 34 36,5
102000080,2013-10-07,1 6 23 24 25 36,4
102000079,2013-10-03,4 8 15 25 29 32,1
102000078,2013-09-30,2 4 7 16 21 38,7
102000077,2013-09-26,4 5 7 18 30 37,1
102000076,2013-09-23,12 18 19 24 25 28,5
102000075,2013-09-19,6 18 21 22 33 38,4
102000074,2013-09-16,1 5 6 7 22 26,7
102000073,2013-09-12,2 3 8 18 30 37,7
102000072,2013-09-09,2 10 21 26 31 32,8
102000071,2013-09-05,7 10 15 22 32 38,2
102000070,2013-09-02,2 8 13 20 21 29,8
102000069,2013-08-29,3 5 6 28 31 37,6
102000068,2013-08-26,2 4 9 17 35 38,5
102000067,2013-08-22,1 4 14 17 28 34,5
102000066,2013-08-19,5 8 9 18 26 34,8
102000065,2013-08-15,3 7 17 20 28 29,5
102000064,2013-08-12,5 19 20 22 23 30,2
102000063,2013-08-08,2 4 7 8 16 27,6
102000062,2013-08-05,12 14 18 27 28 34,5
102000061,2013-08-01,6 15 19 20 31 34,2
102000060,2013-07-29,2 6 13 18 22 25,6
102000059,2013-07-25,8 11 20 22 23 37,6
102000058,2013-07-22,3 19 24 33 34 36,1
102000057,2013-07-18,1 2 6 12 30 36,3
102000056,2013-07-15,1 5 8 20 23 25,8
102000055,2013-07-11,1 9 21 28 30 35,7
102000054,2013-07-08,4 15 19 21 32 38,6
102000053,2013-07-04,6 7 9 13 25 26,4
102000052,2013-07-01,4 7 11 15 24 37,7
102000051,2013-06-27,4 7 8 14 35 36,3
102000050,2013-06-24,12 15 22 24 33 37,6
102000049,2013-06-20,1 2 7 11 13 24,3
102000048,2013-06-17,19 22 23 25 29 38,1
102000047,2013-06-13,14 21 32 34 37 38,3
102000046,2013-06-10,3 9 16 30 32 37,5
102000045,2013-06-06,8 9 17 22 34 37,8
102000044,2013-06-03,6 26 34 35 36 37,3
102000043,2013-05-30,7 13 22 23 31 33,1
102000042,2013-05-27,4 7 17 32 33 37,7
102000041,2013-05-23,10 21 27 31 33 35,7
102000040,2013-05-20,8 12 16 27 33 36,3
102000039,2013-05-16,7 8 14 24 31 34,8
102000038,2013-05-13,5 6 12 27 29 33,1
102000037,2013-05-09,3 6 9 15 21 30,5
102000036,2013-05-06,5 7 11 12 24 28,8
102000035,2013-05-02,4 10 21 26 29 37,3
102000034,2013-04-29,14 16 20 23 27 30,8
102000033,2013-04-25,7 9 18 21 24 37,6
102000032,2013-04-22,13 16 22 24 29 36,5
102000031,2013-04-18,3 15 22 23 25 30,5
102000030,2013-04-15,11 13 19 20 28 29,6
102000029,2013-04-11,2 7 19 27 28 36,7
102000028,2013-04-08,7 9 10 30 33 34,8
102000027,2013-04-04,1 7 30 31 33 38,5
102000026,2013-04-01,1 4 6 12 35 37,6
102000025,2013-03-28,1 6 10 15 19 34,7
102000024,2013-03-25,2 11 15 17 30 36,1
102000023,2013-03-21,9 16 24 34 35 37,5
102000022,2013-03-18,3 4 10 14 16 31,4
102000021,2013-03-14,2 8 11 15 26 34,6
102000020,2013-03-11,3 9 12 14 22 25,2
102000019,2013-03-07,12 15 20 29 32 35,5
102000018,2013-03-04,2 5 16 24 28 37,2
102000017,2013-02-28,10 12 16 19 26 32,5
102000016,2013-02-25,1 6 14 20 32 35,5
102000015,2013-02-21,21 24 32 35 37 38,5
102000014,2013-02-18,2 3 19 31 32 35,1
102000013,2013-02-14,13 14 16 22 31 32,3
102000012,2013-02-11,1 9 19 29 32 36,5
102000011,2013-02-07,3 9 15 23 26 37,2
102000010,2013-02-04,6 10 12 19 30 32,5
102000009,2013-01-31,3 15 22 28 31 37,8
102000008,2013-01-28,3 8 22 26 27 29,5
102000007,2013-01-24,5 8 10 22 26 38,2
102000006,2013-01-21,1 5 11 14 22 36,1
102000005,2013-01-17,3 8 9 15 16 25,5
102000004,2013-01-14,3 5 10 23 29 30,2
102000003,2013-01-10,2 4 13 16 18 29,5
102000002,2013-01-07,1 10 17 22 24 26,7
102000001,2013-01-03,3 4 6 17 29 35,7
101000105,2012-12-31,15 22 24 28 29 36,2
101000104,2012-12-27,15 16 27 30 35 36,2
101000103,2012-12-24,1 7 10 14 29 30,4
101000102,2012-12-20,1 24 26 29 32 38,7
101000101,2012-12-17,3 12 24 27 32 34,4
101000100,2012-12-13,6 8 14 27 28 33,1
101000099,2012-12-10,4 6 15 20 22 38,7
101000098,2012-12-06,1 5 10 12 21 24,8
101000097,2012-12-03,5 9 11 14 22 30,8
101000096,2012-11-29,3 6 11 16 21 35,2
101000095,2012-11-26,4 5 8 18 23 29,2
101000094,2012-11-22,8 22 26 27 36 38,8
101000093,2012-11-19,2 6 28 29 32 37,4
101000092,2012-11-15,3 11 12 27 32 35,2
101000091,2012-11-12,1 8 21 24 31 33,8
101000090,2012-11-08,8 10 18 22 25 33,7
101000089,2012-11-05,1 10 12 15 30 33,6
101000088,2012-11-01,6 7 12 15 24 38,3
101000087,2012-10-29,12 13 26 30 36 38,8
101000086,2012-10-25,3 4 7 19 28 30,8
101000085,2012-10-22,5 10 14 19 21 24,5
101000084,2012-10-18,2 8 15 19 22 29,4
101000083,2012-10-15,9 12 16 18 28 29,7
101000082,2012-10-11,1 6 12 23 28 34,2
101000081,2012-10-08,7 29 31 32 35 36,7
101000080,2012-10-04,2 16 17 19 24 28,5
101000079,2012-10-01,7 11 14 16 19 34,5
101000078,2012-09-27,11 13 15 27 29 32,3
101000077,2012-09-24,4 7 19 20 24 30,1
101000076,2012-09-20,4 11 14 18 21 34,2
101000075,2012-09-17,1 6 7 10 21 27,5
101000074,2012-09-13,1 4 5 14 17 26,8
101000073,2012-09-10,2 9 17 20 35 38,7
101000072,2012-09-06,7 13 23 32 34 36,3
101000071,2012-09-03,1 12 14 17 24 27,3
101000070,2012-08-30,1 2 8 9 22 36,5
101000069,2012-08-27,3 6 16 23 25 37,7
101000068,2012-08-23,1 5 11 16 21 31,8
101000067,2012-08-20,5 14 17 20 23 30,6
101000066,2012-08-16,11 13 14 16 36 38,5
101000065,2012-08-13,5 10 17 22 35 37,5
101000064,2012-08-09,2 3 23 25 27 33,1
101000063,2012-08-06,9 12 17 18 27 33,4
101000062,2012-08-02,18 21 27 29 30 37,4
101000061,2012-07-30,3 10 18 24 29 37,7
101000060,2012-07-26,2 7 10 11 19 33,1
101000059,2012-07-23,5 12 18 33 34 37,2
101000058,2012-07-19,14 23 25 26 30 31,3
101000057,2012-07-16,12 19 23 36 37 38,6
101000056,2012-07-12,10 15 20 22 34 36,5
101000055,2012-07-09,1 6 8 30 32 35,6
101000054,2012-07-05,2 4 6 17 29 38,8
101000053,2012-07-02,3 7 21 35 37 38,3
101000052,2012-06-28,15 16 25 31 35 37,4
101000051,2012-06-25,1 15 16 24 26 30,5
101000050,2012-06-21,4 16 26 28 37 38,1
101000049,2012-06-18,8 13 14 21 24 34,6
101000048,2012-06-14,3 14 15 16 20 36,5
101000047,2012-06-11,7 17 22 26 29 33,7
101000046,2012-06-07,8 12 20 27 29 30,1
101000045,2012-06-04,4 15 18 29 34 38,4
101000044,2012-05-31,3 7 15 17 21 34,8
101000043,2012-05-28,7 16 17 22 31 35,2
101000042,2012-05-24,1 6 10 12 29 36,4
101000041,2012-05-21,11 13 19 23 31 38,3
101000040,2012-05-17,6 15 21 25 28 29,4
101000039,2012-05-14,4 5 6 16 18 28,1
101000038,2012-05-10,14 20 21 25 32 37,3
101000037,2012-05-07,2 13 18 22 23 25,4
101000036,2012-05-03,4 9 10 15 17 34,3
101000035,2012-04-30,3 5 18 22 27 37,1
101000034,2012-04-26,2 3 4 14 17 35,1
101000033,2012-04-23,1 11 16 17 19 35,5
101000032,2012-04-19,5 10 12 26 35 38,2
101000031,2012-04-16,3 4 13 18 25 27,1
101000030,2012-04-12,6 26 27 30 32 35,2
101000029,2012-04-09,1 10 19 21 24 31,5
101000028,2012-04-05,8 9 23 32 35 36,7
101000027,2012-04-02,1 11 15 18 29 38,1
101000026,2012-03-29,8 15 17 22 26 32,1
101000025,2012-03-26,1 3 12 21 23 25,2
101000024,2012-03-22,10 12 14 15 34 35,6
101000023,2012-03-19,9 17 18 21 26 34,1
101000022,2012-03-15,4 12 17 20 29 37,3
101000021,2012-03-12,3 9 13 22 23 37,1
101000020,2012-03-08,9 11 12 23 28 37,4
101000019,2012-03-05,6 11 15 21 26 27,3
101000018,2012-03-01,1 4 7 9 15 16,6
101000017,2012-02-27,3 4 10 12 20 23,4
101000016,2012-02-23,8 13 19 30 35 37,7
101000015,2012-02-20,1 2 9 12 14 22,2
101000014,2012-02-16,7 16 23 24 29 34,5
101000013,2012-02-13,4 9 15 24 29 35,8
101000012,2012-02-09,6 12 20 25 28 37,8
101000011,2012-02-06,4 7 14 20 23 38,3
101000010,2012-02-02,1 3 4 8 14 29,7
101000009,2012-01-30,11 17 18 20 27 38,5
101000008,2012-01-26,2 4 9 16 19 38,1
101000007,2012-01-23,6 8 23 24 29 36,8
101000006,2012-01-19,3 7 8 11 13 18,6
101000005,2012-01-16,7 11 18 33 36 37,6
101000004,2012-01-12,3 15 21 23 30 32,7
101000003,2012-01-09,2 9 25 27 30 34,5
101000002,2012-01-05,10 15 18 28 31 32,4
101000001,2012-01-02,6 10 11 26 27 30,4
100000104,2011-12-29,3 4 7 10 15 19,5
100000103,2011-12-26,1 9 17 19 24 35,5
100000102,2011-12-22,4 11 13 20 22 23,2
100000101,2011-12-19,6 10 14 25 29 35,3
100000100,2011-12-15,1 7 9 27 28 29,2
100000099,2011-12-12,7 10 19 21 27 31,5
100000098,2011-12-08,2 5 8 21 35 37,8
100000097,2011-12-05,4 6 9 21 32 33,2
100000096,2011-12-01,3 16 19 26 31 35,3
100000095,2011-11-28,4 9 18 20 33 35,4
100000094,2011-11-24,4 5 13 16 32 37,7
100000093,2011-11-21,11 12 13 14 25 32,8
100000092,2011-11-17,1 3 13 14 24 30,6
100000091,2011-11-14,11 18 20 21 24 34,5
100000090,2011-11-10,8 19 23 27 32 35,8
100000089,2011-11-07,1 8 23 26 27 34,3
100000088,2011-11-03,13 22 26 27 36 37,5
100000087,2011-10-31,6 8 14 20 23 27,3
100000086,2011-10-27,5 10 12 16 23 28,7
100000085,2011-10-24,2 12 15 25 30 31,6
100000084,2011-10-20,5 20 22 26 30 38,4
100000083,2011-10-17,10 19 29 33 36 37,1
100000082,2011-10-13,6 17 18 25 27 34,6
100000081,2011-10-10,8 9 19 20 25 34,2
100000080,2011-10-06,12 14 18 20 24 27,2
100000079,2011-10-03,1 4 13 16 27 35,8
100000078,2011-09-29,1 15 33 34 36 37,8
100000077,2011-09-26,5 15 18 19 24 37,6
100000076,2011-09-22,11 20 22 23 27 38,2
100000075,2011-09-19,7 11 24 25 37 38,3
100000074,2011-09-15,1 3 17 18 21 34,7
100000073,2011-09-12,4 6 7 17 32 36,7
100000072,2011-09-08,4 6 8 12 15 21,7
100000071,2011-09-05,7 16 26 27 33 36,4
100000070,2011-09-01,2 10 11 13 27 29,2
100000069,2011-08-29,6 10 15 22 29 35,1
100000068,2011-08-25,1 8 13 14 16 36,7
100000067,2011-08-22,2 3 12 21 25 37,4
100000066,2011-08-18,5 6 7 8 32 37,3
100000065,2011-08-15,2 11 14 15 30 35,7
100000064,2011-08-11,1 6 8 18 25 29,5
100000063,2011-08-08,7 8 27 34 37 38,1
100000062,2011-08-04,6 14 17 23 24 33,1
100000061,2011-08-01,14 19 22 27 31 34,7
100000060,2011-07-28,1 6 19 25 34 35,8
100000059,2011-07-25,5 8 18 20 22 23,1
100000058,2011-07-21,1 7 19 20 21 26,7
100000057,2011-07-18,3 13 29 30 32 37,6
100000056,2011-07-14,2 10 12 31 33 37,1
100000055,2011-07-11,2 4 12 14 28 32,2
100000054,2011-07-07,2 7 19 22 33 37,1
100000053,2011-07-04,1 5 12 17 31 37,6
100000052,2011-06-30,15 17 19 30 35 38,1
100000051,2011-06-27,4 6 15 23 33 35,3
100000050,2011-06-23,3 20 26 28 30 36,5
100000049,2011-06-20,4 6 10 22 27 34,2
100000048,2011-06-16,8 15 25 29 33 38,1
100000047,2011-06-13,7 9 11 18 31 36,1
100000046,2011-06-09,3 12 13 15 36 37,3
100000045,2011-06-06,10 16 22 36 37 38,4
100000044,2011-06-02,1 4 19 22 30 33,4
100000043,2011-05-30,2 10 22 30 32 37,4
100000042,2011-05-26,6 8 12 19 21 30,8
100000041,2011-05-23,8 11 13 16 24 26,4
100000040,2011-05-19,2 6 16 19 35 38,8
100000039,2011-05-16,3 8 17 21 29 37,8
100000038,2011-05-12,10 19 24 25 30 31,7
100000037,2011-05-09,3 15 25 31 35 36,3
100000036,2011-05-05,5 6 13 14 26 38,5
100000035,2011-05-02,7 17 19 21 22 36,3
100000034,2011-04-28,3 9 29 31 32 34,5
100000033,2011-04-25,2 3 12 17 22 26,1
100000032,2011-04-21,1 10 26 32 34 36,8
100000031,2011-04-18,5 6 7 17 23 26,7
100000030,2011-04-14,15 17 18 24 25 27,6
100000029,2011-04-11,15 16 21 29 31 33,4
100000028,2011-04-07,6 12 14 20 30 31,1
100000027,2011-04-04,2 25 28 32 33 37,8
100000026,2011-03-31,17 19 31 32 36 38,4
100000025,2011-03-28,3 7 16 24 27 34,8
100000024,2011-03-24,4 19 27 29 35 37,4
100000023,2011-03-21,8 17 18 20 33 37,2
100000022,2011-03-17,1 3 11 14 32 36,2
100000021,2011-03-14,4 5 6 11 18 26,4
100000020,2011-03-10,4 5 19 24 31 37,8
100000019,2011-03-07,2 10 16 30 33 37,4
100000018,2011-03-03,1 15 17 23 27 35,7
100000017,2011-02-28,5 13 14 18 26 29,7
100000016,2011-02-24,3 8 13 14 16 26,5
100000015,2011-02-21,9 19 23 28 35 38,1
100000014,2011-02-17,4 11 12 20 26 38,7
100000013,2011-02-14,8 11 19 23 25 38,5
100000012,2011-02-10,10 13 30 32 36 37,2
100000011,2011-02-07,4 6 15 20 32 38,3
100000010,2011-02-03,8 10 16 23 29 37,2
100000009,2011-01-31,4 10 21 28 31 32,7
100000008,2011-01-27,2 3 11 19 24 35,2
100000007,2011-01-24,10 14 18 21 32 33,7
100000006,2011-01-20,1 4 10 22 25 31,8
100000005,2011-01-17,1 2 19 25 30 31,4
100000004,2011-01-13,1 6 7 18 28 34,6
100000003,2011-01-10,17 28 29 33 35 36,8
100000002,2011-01-06,3 11 20 22 26 27,3
100000001,2011-01-03,2 6 12 20 36 38,6
99000104,2010-12-30,1 24 29 31 33 38,3
99000103,2010-12-27,3 16 23 28 31 32,8
99000102,2010-12-23,1 4 7 10 19 31,5
99000101,2010-12-20,1 2 7 20 29 38,7
99000100,2010-12-16,4 7 18 25 28 32,5
99000099,2010-12-13,7 9 10 12 27 36,4
99000098,2010-12-09,1 3 4 11 12 19,8
99000097,2010-12-06,1 7 18 19 20 28,8
99000096,2010-12-02,3 15 19 22 28 32,6
99000095,2010-11-29,20 25 27 29 30 33,2
99000094,2010-11-25,5 7 18 25 36 38,7
99000093,2010-11-22,8 21 23 24 27 28,2
99000092,2010-11-18,5 14 17 23 28 38,2
99000091,2010-11-15,7 8 11 22 25 37,7
99000090,2010-11-11,4 17 22 24 28 36,6
99000089,2010-11-08,5 10 28 33 36 38,6
99000088,2010-11-04,1 3 20 28 33 36,5
99000087,2010-11-01,2 10 12 13 18 29,4
99000086,2010-10-28,15 20 23 25 26 32,7
99000085,2010-10-25,10 11 16 23 33 37,3
99000084,2010-10-21,11 14 18 19 29 38,5
99000083,2010-10-18,4 11 21 23 28 38,5
99000082,2010-10-14,5 20 25 29 35 37,2
99000081,2010-10-11,8 10 11 21 22 34,6
99000080,2010-10-07,1 5 6 17 28 32,2
99000079,2010-10-04,4 10 18 20 32 35,1
99000078,2010-09-30,9 11 14 31 32 35,7
99000077,2010-09-27,8 20 22 24 33 36,2
99000076,2010-09-23,3 7 12 15 32 34,7
99000075,2010-09-20,6 9 13 19 28 36,6
99000074,2010-09-16,4 10 13 20 26 35,2
99000073,2010-09-13,7 8 12 18 24 33,7
99000072,2010-09-09,4 16 17 22 24 34,2
99000071,2010-09-06,5 7 30 32 34 36,6
99000070,2010-09-02,9 14 15 17 28 33,4
99000069,2010-08-30,1 13 21 22 23 29,1
99000068,2010-08-26,1 8 13 15 22 38,8
99000067,2010-08-23,9 13 15 18 22 27,2
99000066,2010-08-19,2 4 20 22 25 34,1
99000065,2010-08-16,3 14 20 22 31 36,8
99000064,2010-08-12,3 4 8 15 35 38,3
99000063,2010-08-09,4 7 14 18 31 35,7
99000062,2010-08-05,14 22 24 27 29 37,6
99000061,2010-08-02,3 5 17 21 22 24,7
99000060,2010-07-29,8 14 18 21 36 38,8
99000059,2010-07-26,5 14 27 31 34 36,4
99000058,2010-07-22,5 8 14 16 35 37,3
99000057,2010-07-19,12 15 16 19 26 38,6
99000056,2010-07-15,2 11 14 22 23 29,7
99000055,2010-07-12,1 3 17 20 25 27,1
99000054,2010-07-08,6 22 23 24 25 29,3
99000053,2010-07-05,1 3 18 25 35 37,5
99000052,2010-07-01,3 4 6 11 14 19,6
99000051,2010-06-28,3 7 10 22 27 34,1
99000050,2010-06-24,12 14 19 32 34 36,3
99000049,2010-06-21,1 9 22 27 30 38,1
99000048,2010-06-17,1 5 6 13 22 27,8
99000047,2010-06-14,3 7 15 16 24 33,3
99000046,2010-06-10,9 17 20 27 28 38,6
99000045,2010-06-07,3 14 21 22 24 28,5
99000044,2010-06-03,4 9 21 30 33 34,2
99000043,2010-05-31,1 4 8 17 30 34,4
99000042,2010-05-27,6 7 8 16 20 36,1
99000041,2010-05-24,1 3 12 16 24 29,7
99000040,2010-05-20,12 13 14 19 35 38,2
99000039,2010-05-17,1 2 3 29 33 35,5
99000038,2010-05-13,7 11 14 23 31 34,4
99000037,2010-05-10,17 18 23 26 28 29,1
99000036,2010-05-06,3 11 13 23 30 32,6
99000035,2010-05-03,1 4 9 16 27 33,5
99000034,2010-04-29,10 12 16 21 28 29,3
99000033,2010-04-26,3 8 21 33 35 38,1
99000032,2010-04-22,8 16 21 29 30 37,2
99000031,2010-04-19,1 3 6 13 29 38,3
99000030,2010-04-15,1 6 19 24 30 37,1
99000029,2010-04-12,8 11 12 30 33 34,2
99000028,2010-04-08,2 7 20 23 25 36,3
99000027,2010-04-05,2 18 19 20 26 37,8
99000026,2010-04-01,14 16 23 24 27 31,7
99000025,2010-03-29,11 23 28 31 36 37,3
99000024,2010-03-25,19 23 26 27 33 37,3
99000023,2010-03-22,2 4 11 14 35 36,1
99000022,2010-03-18,7 11 18 20 26 32,5
99000021,2010-03-15,12 13 18 30 32 36,5
99000020,2010-03-11,14 16 17 19 35 37,8
99000019,2010-03-08,3 5 9 27 30 33,6
99000018,2010-03-04,10 16 18 24 34 38,5
99000017,2010-03-01,3 10 12 14 19 37,4
99000016,2010-02-25,9 26 32 33 37 38,1
99000015,2010-02-22,3 11 17 23 24 34,5
99000014,2010-02-18,2 4 11 14 24 36,6
99000013,2010-02-15,2 12 23 26 28 29,5
99000012,2010-02-11,6 13 16 18 19 34,1
99000011,2010-02-08,7 12 16 17 19 21,6
99000010,2010-02-04,10 16 17 20 25 38,4
99000009,2010-02-01,3 5 19 29 31 38,7
99000008,2010-01-28,3 6 16 17 27 35,2
99000007,2010-01-25,7 10 14 24 27 34,2
99000006,2010-01-21,4 10 16 17 29 36,8
99000005,2010-01-18,9 11 24 25 26 38,4
99000004,2010-01-14,1 2 7 22 27 32,4
99000003,2010-01-11,15 21 23 25 26 34,3
99000002,2010-01-07,1 20 26 33 36 37,5
99000001,2010-01-04,13 20 25 27 30 32,7
98000105,2009-12-31,14 22 25 27 29 32,1
98000104,2009-12-28,10 12 15 17 25 34,5
98000103,2009-12-24,14 18 20 32 35 37,7
98000102,2009-12-21,3 15 17 20 23 29,8
98000101,2009-12-17,16 19 20 23 26 28,1
98000100,2009-12-14,4 5 10 16 17 20,6
98000099,2009-12-10,11 12 19 22 23 28,4
98000098,2009-12-07,4 5 12 25 34 38,1
98000097,2009-12-03,17 18 22 24 25 30,5
98000096,2009-11-30,1 6 10 17 19 28,1
98000095,2009-11-26,13 20 21 24 30 36,3
98000094,2009-11-23,1 2 15 16 26 29,4
98000093,2009-11-19,5 10 21 22 26 35,6
98000092,2009-11-16,10 15 18 23 30 34,7
98000091,2009-11-12,3 6 19 22 28 35,3
98000090,2009-11-09,1 18 24 29 32 38,5
98000089,2009-11-05,3 5 21 23 31 36,6
98000088,2009-11-02,8 10 11 14 20 23,6
98000087,2009-10-29,11 12 16 19 20 27,4
98000086,2009-10-26,3 4 9 12 24 32,5
98000085,2009-10-22,5 7 18 19 30 35,8
98000084,2009-10-19,2 4 12 21 25 30,7
98000083,2009-10-15,7 10 14 25 28 31,1
98000082,2009-10-12,4 10 16 22 34 38,2
98000081,2009-10-08,1 13 20 21 26 32,7
98000080,2009-10-05,4 8 16 19 22 33,1
98000079,2009-10-01,6 18 19 21 27 38,4
98000078,2009-09-28,7 8 12 13 16 22,7
98000077,2009-09-24,2 6 14 30 33 34,2
98000076,2009-09-21,4 7 9 10 16 33,7
98000075,2009-09-17,3 6 22 24 31 32,6
98000074,2009-09-14,3 6 8 15 24 31,8
98000073,2009-09-10,1 11 13 18 23 24,3
98000072,2009-09-07,1 10 13 18 19 24,3
98000071,2009-09-03,1 7 10 11 16 28,3
98000070,2009-08-31,4 8 18 25 30 33,8
98000069,2009-08-27,1 4 7 16 18 30,2
98000068,2009-08-24,13 15 24 26 28 36,5
98000067,2009-08-20,8 22 25 26 33 38,4
98000066,2009-08-17,9 21 25 27 29 36,8
98000065,2009-08-13,3 5 8 23 24 31,8
98000064,2009-08-10,6 11 15 18 23 30,3
98000063,2009-08-06,3 4 5 13 32 35,8
98000062,2009-08-03,4 15 17 24 26 38,8
98000061,2009-07-30,11 13 15 18 24 25,4
98000060,2009-07-27,12 13 16 25 31 36,4
98000059,2009-07-23,13 26 32 33 36 37,7
98000058,2009-07-20,2 15 19 22 29 33,4
98000057,2009-07-16,9 10 23 26 31 34,1
98000056,2009-07-13,6 23 26 34 36 38,4
98000055,2009-07-09,4 8 12 23 25 33,2
98000054,2009-07-06,3 4 5 9 24 33,5
98000053,2009-07-02,6 15 16 27 34 37,6
98000052,2009-06-29,1 14 20 21 25 26,5
98000051,2009-06-25,6 10 25 31 35 38,7
98000050,2009-06-22,4 13 14 16 21 29,7
98000049,2009-06-18,5 16 17 24 34 38,8
98000048,2009-06-15,3 10 17 19 23 25,4
98000047,2009-06-11,1 4 16 18 20 32,7
98000046,2009-06-08,6 7 18 26 27 31,2
98000045,2009-06-04,12 18 19 20 24 34,7
98000044,2009-06-01,6 14 16 17 26 35,7
98000043,2009-05-28,1 7 15 16 25 31,4
98000042,2009-05-25,4 16 17 22 29 38,3
98000041,2009-05-21,5 9 17 29 34 35,7
98000040,2009-05-18,6 7 9 10 13 26,7
98000039,2009-05-14,8 13 20 23 31 35,5
98000038,2009-05-11,2 8 9 17 37 38,4
98000037,2009-05-07,3 4 7 9 27 28,8
98000036,2009-05-04,3 24 25 27 35 36,8
98000035,2009-04-30,12 13 29 33 37 38,8
98000034,2009-04-27,1 3 10 20 24 32,4
98000033,2009-04-23,5 6 7 17 33 35,3
98000032,2009-04-20,5 20 24 26 31 36,1
98000031,2009-04-16,6 10 14 15 16 17,2
98000030,2009-04-13,2 14 16 19 27 35,5
98000029,2009-04-09,3 8 10 14 29 30,3
98000028,2009-04-06,7 9 10 11 19 32,2
98000027,2009-04-02,7 14 21 27 32 34,3
98000026,2009-03-30,14 20 31 35 36 37,3
98000025,2009-03-26,9 10 25 26 32 34,2
98000024,2009-03-23,3 4 9 25 34 37,5
98000023,2009-03-19,5 8 20 24 28 36,5
98000022,2009-03-16,16 18 23 28 36 37,6
98000021,2009-03-12,1 3 16 23 32 34,3
98000020,2009-03-09,6 8 16 23 31 38,3
98000019,2009-03-05,1 5 13 19 28 37,3
98000018,2009-03-02,3 4 21 23 24 27,6
98000017,2009-02-26,4 5 7 13 15 38,4
98000016,2009-02-23,13 18 30 33 35 38,3
98000015,2009-02-19,1 2 8 17 21 31,1
98000014,2009-02-16,2 20 21 22 25 38,3
98000013,2009-02-12,4 12 24 29 35 37,7
98000012,2009-02-09,3 10 11 15 20 33,3
98000011,2009-02-05,8 20 23 24 34 37,1
98000010,2009-02-02,6 18 20 24 31 32,6
98000009,2009-01-29,4 7 15 16 23 28,7
98000008,2009-01-26,2 6 17 18 29 34,5
98000007,2009-01-22,7 10 11 23 24 35,8
98000006,2009-01-19,1 3 4 12 21 31,8
98000005,2009-01-15,3 15 17 28 29 37,4
98000004,2009-01-12,9 13 14 23 29 36,8
98000003,2009-01-08,4 5 12 18 24 28,1
98000002,2009-01-05,5 24 27 28 29 32,4
98000001,2009-01-01,1 11 25 28 35 36,7
97000098,2008-12-29,2 10 15 19 28 31,1
97000097,2008-12-25,6 7 11 14 33 37,6
97000096,2008-12-22,22 25 30 32 33 35,2
97000095,2008-12-18,3 8 11 26 34 38,8
97000094,2008-12-15,6 8 10 13 18 36,6
97000093,2008-12-11,17 18 24 26 30 31,2
97000092,2008-12-08,8 12 13 16 20 32,6
97000091,2008-12-04,5 11 14 16 18 30,3
97000090,2008-12-01,7 10 23 26 28 34,4
97000089,2008-11-27,3 14 26 30 35 37,7
97000088,2008-11-24,10 15 20 22 24 25,2
97000087,2008-11-20,5 14 17 19 35 36,1
97000086,2008-11-17,1 9 14 24 30 37,4
97000085,2008-11-13,5 10 24 28 33 38,6
97000084,2008-11-10,18 22 25 29 32 38,6
97000083,2008-11-06,1 5 12 27 34 38,3
97000082,2008-11-03,4 8 9 18 23 36,4
97000081,2008-10-30,8 11 16 22 28 35,6
97000080,2008-10-27,4 5 9 22 28 30,4
97000079,2008-10-23,1 6 14 17 26 38,3
97000078,2008-10-20,7 10 17 28 32 36,3
97000077,2008-10-16,2 3 18 33 36 37,5
97000076,2008-10-13,2 9 10 14 15 26,4
97000075,2008-10-09,20 25 26 32 36 37,7
97000074,2008-10-06,9 11 19 22 26 37,3
97000073,2008-10-02,6 10 13 15 19 30,6
97000072,2008-09-29,1 16 22 24 30 35,2
97000071,2008-09-25,6 10 11 13 34 35,7
97000070,2008-09-22,10 15 30 32 33 38,7
97000069,2008-09-18,2 10 26 31 33 37,3
97000068,2008-09-15,14 16 19 21 22 26,3
97000067,2008-09-11,12 20 27 28 29 36,7
97000066,2008-09-08,8 18 20 21 23 24,1
97000065,2008-09-04,3 5 11 20 22 34,5
97000064,2008-09-01,5 6 8 10 21 24,6
97000063,2008-08-28,7 26 27 29 32 34,5
97000062,2008-08-25,5 8 15 24 31 38,3
97000061,2008-08-21,5 12 15 19 20 38,4
97000060,2008-08-18,7 17 20 23 28 30,5
97000059,2008-08-14,2 5 8 18 28 32,5
97000058,2008-08-11,5 7 8 10 11 17,2
97000057,2008-08-07,7 10 11 20 29 30,4
97000056,2008-08-04,10 24 26 33 34 38,4
97000055,2008-07-31,1 6 8 10 36 38,7
97000054,2008-07-28,9 10 21 26 30 33,6
97000053,2008-07-24,7 13 24 25 36 38,1
97000052,2008-07-21,8 9 26 28 31 36,7
97000051,2008-07-17,11 22 27 28 36 37,2
97000050,2008-07-14,1 14 16 17 34 35,6
97000049,2008-07-10,7 14 19 21 22 35,7
97000048,2008-07-07,5 6 7 11 23 25,6
97000047,2008-07-03,3 4 15 16 18 25,8
97000046,2008-06-30,3 8 14 30 33 37,3
97000045,2008-06-26,5 13 19 23 24 31,7
97000044,2008-06-23,12 20 23 26 28 37,7
97000043,2008-06-19,4 9 10 24 34 36,6
97000042,2008-06-16,1 11 21 24 27 29,7
97000041,2008-06-12,3 7 18 27 34 38,7
97000040,2008-06-09,2 5 24 28 30 31,8
97000039,2008-06-05,3 8 19 21 22 30,2
97000038,2008-06-02,3 4 7 11 25 28,1
97000037,2008-05-29,4 7 10 11 18 28,4
97000036,2008-05-26,3 26 32 34 37 38,3
97000035,2008-05-22,3 13 22 26 33 38,3
97000034,2008-05-19,12 17 20 22 30 33,4
97000033,2008-05-15,10 12 18 21 24 35,2
97000032,2008-05-12,7 11 13 14 23 24,7
97000031,2008-05-08,3 5 7 16 21 22,8
97000030,2008-05-05,2 4 18 29 33 34,3
97000029,2008-05-01,2 6 13 14 23 38,2
97000028,2008-04-28,15 17 19 23 24 29,7
97000027,2008-04-24,1 3 10 20 30 31,5
97000026,2008-04-21,16 22 26 27 36 37,2
97000025,2008-04-17,1 4 6 14 20 35,7
97000024,2008-04-14,5 17 18 28 32 37,3
97000023,2008-04-10,24 25 26 33 36 37,2
97000022,2008-04-07,16 19 20 24 32 37,4
97000021,2008-04-03,3 8 9 10 17 28,5
97000020,2008-03-31,9 18 19 25 27 32,6
97000019,2008-03-27,1 5 16 22 31 36,5
97000018,2008-03-24,1 2 7 11 26 36,5
97000017,2008-03-20,3 14 21 25 32 36,6
97000016,2008-03-17,6 10 18 19 22 24,8
97000015,2008-03-13,2 5 11 15 23 24,5
97000014,2008-03-10,6 7 11 19 22 25,6
97000013,2008-03-06,8 11 22 26 34 36,8
97000012,2008-03-03,13 14 24 25 26 35,3
97000011,2008-02-28,6 13 16 29 33 36,4
97000010,2008-02-25,9 15 16 34 36 37,5
97000009,2008-02-21,1 20 22 23 29 38,3
97000008,2008-02-18,5 7 15 28 35 37,6
97000007,2008-02-14,7 13 28 33 35 38,6
97000006,2008-02-11,2 4 11 22 23 25,8
97000005,2008-02-07,6 20 26 33 34 35,5
97000004,2008-02-04,2 6 10 18 23 26,5
97000003,2008-01-31,6 9 11 13 19 23,2
97000002,2008-01-28,2 14 15 16 28 29,8
97000001,2008-01-24,3 4 16 18 36 37,2
