cost,prize,profit,draws,max_drawdown,h_jp,h_2nd,h_3rd
117100,35600.0,-81500.0,387,-81500.0,0,0,0
117100,33800.0,-83300.0,387,-83300.0,0,0,0
117100,27800.0,-89300.0,387,-89500.0,0,0,0
117100,28200.0,-88900.0,387,-89100.0,0,0,0
117100,41600.0,-75500.0,387,-75500.0,0,0,0
117100,74739.0,-42361.0,387,-42361.0,0,0,1
117100,33600.0,-83500.0,387,-83500.0,0,0,0
117100,33200.0,-83900.0,387,-83900.0,0,0,0
117100,50788.0,-66312.0,387,-66312.0,0,0,0
117100,40600.0,-76500.0,387,-76500.0,0,0,0
117100,35800.0,-81300.0,387,-81300.0,0,0,0
117100,48400.0,-68700.0,387,-68900.0,0,0,0
117100,42600.0,-74500.0,387,-74500.0,0,0,0
117100,27200.0,-89900.0,387,-90100.0,0,0,0
117100,33400.0,-83700.0,387,-83700.0,0,0,0
117100,37200.0,-79900.0,387,-79900.0,0,0,0
117100,40200.0,-76900.0,387,-76900.0,0,0,0
117100,34000.0,-83100.0,387,-83100.0,0,0,0
117100,43115.0,-73985.0,387,-74185.0,0,0,0
117100,35000.0,-82100.0,387,-82100.0,0,0,0
117100,31800.0,-85300.0,387,-85300.0,0,0,0
117100,32000.0,-85100.0,387,-85100.0,0,0,0
117100,29600.0,-87500.0,387,-87500.0,0,0,0
117100,43958.0,-73142.0,387,-73142.0,0,0,0
117100,29000.0,-88100.0,387,-88100.0,0,0,0
117100,32000.0,-85100.0,387,-85100.0,0,0,0
117100,26400.0,-90700.0,387,-90700.0,0,0,0
117100,27600.0,-89500.0,387,-89500.0,0,0,0
117100,40000.0,-77100.0,387,-77350.0,0,0,0
117100,30600.0,-86500.0,387,-86500.0,0,0,0
117100,33600.0,-83500.0,387,-83700.0,0,0,0
117100,27800.0,-89300.0,387,-89300.0,0,0,0
117100,37200.0,-79900.0,387,-80350.0,0,0,0
117100,49588.0,-67512.0,387,-67512.0,0,0,0
117100,34800.0,-82300.0,387,-82300.0,0,0,0
117100,969649.0,852549.0,387,-10050.0,0,1,0
117100,29400.0,-87700.0,387,-87700.0,0,0,0
117100,29200.0,-87900.0,387,-87900.0,0,0,0
117100,30000.0,-87100.0,387,-87100.0,0,0,0
117100,39000.0,-78100.0,387,-78300.0,0,0,0
117100,32800.0,-84300.0,387,-84500.0,0,0,0
117100,39400.0,-77700.0,387,-77750.0,0,0,0
117100,32600.0,-84500.0,387,-84500.0,0,0,0
117100,34600.0,-82500.0,387,-82500.0,0,0,0
117100,36800.0,-80300.0,387,-80300.0,0,0,0
117100,35200.0,-81900.0,387,-81900.0,0,0,0
117100,32600.0,-84500.0,387,-84500.0,0,0,0
117100,28600.0,-88500.0,387,-88500.0,0,0,0
117100,31600.0,-85500.0,387,-85500.0,0,0,0
117100,44475.0,-72625.0,387,-72625.0,0,0,0
117100,29600.0,-87500.0,387,-87500.0,0,0,0
117100,28000.0,-89100.0,387,-89100.0,0,0,0
117100,29000.0,-88100.0,387,-88100.0,0,0,0
117100,45255.0,-71845.0,387,-71845.0,0,0,0
117100,52630.0,-64470.0,387,-64470.0,0,0,0
117100,28200.0,-88900.0,387,-88900.0,0,0,0
117100,35000.0,-82100.0,387,-82100.0,0,0,0
117100,45206.0,-71894.0,387,-76750.0,0,0,0
117100,36000.0,-81100.0,387,-81100.0,0,0,0
117100,87584.0,-29516.0,387,-60250.0,0,0,1
117100,81628.0,-35472.0,387,-55950.0,0,0,1
117100,73670.0,-43430.0,387,-43430.0,0,0,1
117100,23800.0,-93300.0,387,-93500.0,0,0,0
117100,43200.0,-73900.0,387,-73900.0,0,0,0
117100,36200.0,-80900.0,387,-80900.0,0,0,0
117100,37800.0,-79300.0,387,-79300.0,0,0,0
117100,27800.0,-89300.0,387,-89300.0,0,0,0
117100,34600.0,-82500.0,387,-82500.0,0,0,0
117100,26400.0,-90700.0,387,-90700.0,0,0,0
117100,30000.0,-87100.0,387,-87900.0,0,0,0
117100,30400.0,-86700.0,387,-86700.0,0,0,0
117100,27600.0,-89500.0,387,-89500.0,0,0,0
117100,30000.0,-87100.0,387,-87100.0,0,0,0
117100,38000.0,-79100.0,387,-79100.0,0,0,0
117100,29200.0,-87900.0,387,-87900.0,0,0,0
117100,30200.0,-86900.0,387,-86900.0,0,0,0
117100,33400.0,-83700.0,387,-83700.0,0,0,0
117100,35400.0,-81700.0,387,-81700.0,0,0,0
117100,30000.0,-87100.0,387,-87100.0,0,0,0
117100,39200.0,-77900.0,387,-78100.0,0,0,0
117100,37600.0,-79500.0,387,-79750.0,0,0,0
117100,42400.0,-74700.0,387,-74750.0,0,0,0
117100,29800.0,-87300.0,387,-87500.0,0,0,0
117100,33600.0,-83500.0,387,-83500.0,0,0,0
117100,35600.0,-81500.0,387,-81500.0,0,0,0
117100,27200.0,-89900.0,387,-89900.0,0,0,0
117100,68916.0,-48184.0,387,-48184.0,0,0,0
117100,49658.0,-67442.0,387,-67442.0,0,0,0
117100,33200.0,-83900.0,387,-83900.0,0,0,0
117100,32000.0,-85100.0,387,-85100.0,0,0,0
117100,30400.0,-86700.0,387,-86700.0,0,0,0
117100,30200.0,-86900.0,387,-87100.0,0,0,0
117100,48699.0,-68401.0,387,-68401.0,0,0,0
117100,28800.0,-88300.0,387,-88300.0,0,0,0
117100,27200.0,-89900.0,387,-89900.0,0,0,0
117100,40000.0,-77100.0,387,-77100.0,0,0,0
117100,25800.0,-91300.0,387,-91300.0,0,0,0
117100,30600.0,-86500.0,387,-87050.0,0,0,0
117100,39200.0,-77900.0,387,-77900.0,0,0,0
117100,45181.0,-71919.0,387,-71919.0,0,0,0
117100,30800.0,-86300.0,387,-86500.0,0,0,0
117100,40000.0,-77100.0,387,-77100.0,0,0,0
117100,23600.0,-93500.0,387,-93500.0,0,0,0
117100,38400.0,-78700.0,387,-78900.0,0,0,0
117100,28200.0,-88900.0,387,-88900.0,0,0,0
117100,37600.0,-79500.0,387,-79500.0,0,0,0
117100,28800.0,-88300.0,387,-88300.0,0,0,0
117100,32600.0,-84500.0,387,-84550.0,0,0,0
117100,66402.0,-50698.0,387,-52850.0,0,0,1
117100,42392.0,-74708.0,387,-87750.0,0,0,0
117100,95096.0,-22004.0,387,-23350.0,0,0,1
117100,30200.0,-86900.0,387,-86900.0,0,0,0
117100,28000.0,-89100.0,387,-89100.0,0,0,0
117100,31600.0,-85500.0,387,-85500.0,0,0,0
117100,41400.0,-75700.0,387,-75700.0,0,0,0
117100,57504.0,-59596.0,387,-59596.0,0,0,0
117100,44600.0,-72500.0,387,-72500.0,0,0,0
117100,31800.0,-85300.0,387,-85300.0,0,0,0
117100,30800.0,-86300.0,387,-86300.0,0,0,0
117100,50532.0,-66568.0,387,-66568.0,0,0,0
117100,42000.0,-75100.0,387,-75100.0,0,0,0
117100,27200.0,-89900.0,387,-89900.0,0,0,0
117100,33800.0,-83300.0,387,-83300.0,0,0,0
117100,39200.0,-77900.0,387,-77900.0,0,0,0
117100,30800.0,-86300.0,387,-86300.0,0,0,0
117100,35800.0,-81300.0,387,-81300.0,0,0,0
117100,31800.0,-85300.0,387,-85300.0,0,0,0
117100,88410.0,-28690.0,387,-58100.0,0,0,1
117100,33400.0,-83700.0,387,-84050.0,0,0,0
117100,46289.0,-70811.0,387,-70811.0,0,0,0
117100,40400.0,-76700.0,387,-76700.0,0,0,0
117100,35000.0,-82100.0,387,-82100.0,0,0,0
117100,43549.0,-73551.0,387,-73551.0,0,0,0
117100,31600.0,-85500.0,387,-85500.0,0,0,0
117100,37800.0,-79300.0,387,-79300.0,0,0,0
117100,33800.0,-83300.0,387,-83300.0,0,0,0
117100,29400.0,-87700.0,387,-87950.0,0,0,0
117100,38600.0,-78500.0,387,-78500.0,0,0,0
117100,35400.0,-81700.0,387,-81700.0,0,0,0
117100,51865.0,-65235.0,387,-65285.0,0,0,0
117100,33400.0,-83700.0,387,-84150.0,0,0,0
117100,27400.0,-89700.0,387,-89700.0,0,0,0
117100,31000.0,-86100.0,387,-86100.0,0,0,0
117100,30200.0,-86900.0,387,-86950.0,0,0,0
117100,29400.0,-87700.0,387,-87700.0,0,0,0
117100,30400.0,-86700.0,387,-86700.0,0,0,0
117100,37600.0,-79500.0,387,-79500.0,0,0,0
117100,31800.0,-85300.0,387,-85300.0,0,0,0
117100,29200.0,-87900.0,387,-87900.0,0,0,0
117100,36800.0,-80300.0,387,-80350.0,0,0,0
117100,35200.0,-81900.0,387,-81900.0,0,0,0
117100,39800.0,-77300.0,387,-77500.0,0,0,0
117100,33800.0,-83300.0,387,-83300.0,0,0,0
117100,31200.0,-85900.0,387,-85900.0,0,0,0
117100,33600.0,-83500.0,387,-83500.0,0,0,0
117100,33000.0,-84100.0,387,-84100.0,0,0,0
117100,40600.0,-76500.0,387,-76500.0,0,0,0
117100,29000.0,-88100.0,387,-88100.0,0,0,0
117100,30800.0,-86300.0,387,-86300.0,0,0,0
117100,41400.0,-75700.0,387,-77500.0,0,0,0
117100,38400.0,-78700.0,387,-78700.0,0,0,0
117100,31000.0,-86100.0,387,-86100.0,0,0,0
117100,33800.0,-83300.0,387,-83300.0,0,0,0
117100,33600.0,-83500.0,387,-83500.0,0,0,0
117100,26200.0,-90900.0,387,-90900.0,0,0,0
117100,26400.0,-90700.0,387,-90700.0,0,0,0
117100,27600.0,-89500.0,387,-89700.0,0,0,0
117100,28600.0,-88500.0,387,-88500.0,0,0,0
117100,29600.0,-87500.0,387,-87550.0,0,0,0
117100,36400.0,-80700.0,387,-80700.0,0,0,0
117100,33600.0,-83500.0,387,-83500.0,0,0,0
117100,36000.0,-81100.0,387,-81900.0,0,0,0
117100,34200.0,-82900.0,387,-82900.0,0,0,0
117100,48500.0,-68600.0,387,-75200.0,0,0,0
117100,28000.0,-89100.0,387,-89550.0,0,0,0
117100,37800.0,-79300.0,387,-79300.0,0,0,0
117100,34400.0,-82700.0,387,-82900.0,0,0,0
117100,33200.0,-83900.0,387,-83900.0,0,0,0
117100,35200.0,-81900.0,387,-81900.0,0,0,0
117100,23800.0,-93300.0,387,-93300.0,0,0,0
117100,32800.0,-84300.0,387,-84350.0,0,0,0
117100,35400.0,-81700.0,387,-81700.0,0,0,0
117100,38200.0,-78900.0,387,-78950.0,0,0,0
117100,49653.0,-67447.0,387,-69247.0,0,0,0
117100,29200.0,-87900.0,387,-87900.0,0,0,0
117100,45815.0,-71285.0,387,-71485.0,0,0,0
117100,55775.0,-61325.0,387,-75350.0,0,0,0
117100,42600.0,-74500.0,387,-74500.0,0,0,0
117100,30400.0,-86700.0,387,-87550.0,0,0,0
117100,36400.0,-80700.0,387,-80700.0,0,0,0
117100,38400.0,-78700.0,387,-78700.0,0,0,0
117100,39000.0,-78100.0,387,-78100.0,0,0,0
117100,32800.0,-84300.0,387,-84300.0,0,0,0
117100,26800.0,-90300.0,387,-90300.0,0,0,0
117100,102078.0,-15022.0,387,-57150.0,0,0,1
117100,47600.0,-69500.0,387,-69650.0,0,0,0
117100,36600.0,-80500.0,387,-80500.0,0,0,0
117100,35600.0,-81500.0,387,-81500.0,0,0,0
117100,32600.0,-84500.0,387,-84550.0,0,0,0
117100,33400.0,-83700.0,387,-83700.0,0,0,0
117100,35200.0,-81900.0,387,-83150.0,0,0,0
117100,49529.0,-67571.0,387,-74550.0,0,0,0
117100,34800.0,-82300.0,387,-82300.0,0,0,0
117100,38200.0,-78900.0,387,-78900.0,0,0,0
117100,43800.0,-73300.0,387,-73350.0,0,0,0
117100,28400.0,-88700.0,387,-88700.0,0,0,0
117100,31000.0,-86100.0,387,-86300.0,0,0,0
117100,27000.0,-90100.0,387,-90100.0,0,0,0
117100,45400.0,-71700.0,387,-71900.0,0,0,0
117100,29000.0,-88100.0,387,-88100.0,0,0,0
117100,29200.0,-87900.0,387,-87900.0,0,0,0
117100,34600.0,-82500.0,387,-82500.0,0,0,0
117100,32600.0,-84500.0,387,-84500.0,0,0,0
117100,32400.0,-84700.0,387,-84700.0,0,0,0
117100,35400.0,-81700.0,387,-81900.0,0,0,0
117100,29400.0,-87700.0,387,-87700.0,0,0,0
117100,34600.0,-82500.0,387,-82500.0,0,0,0
117100,31000.0,-86100.0,387,-86100.0,0,0,0
117100,27800.0,-89300.0,387,-89300.0,0,0,0
117100,32600.0,-84500.0,387,-84500.0,0,0,0
117100,28200.0,-88900.0,387,-88900.0,0,0,0
117100,31400.0,-85700.0,387,-85700.0,0,0,0
117100,32400.0,-84700.0,387,-84700.0,0,0,0
117100,58657.0,-58443.0,387,-58643.0,0,0,0
117100,36600.0,-80500.0,387,-80550.0,0,0,0
117100,38800.0,-78300.0,387,-78300.0,0,0,0
117100,31800.0,-85300.0,387,-85300.0,0,0,0
117100,33000.0,-84100.0,387,-84100.0,0,0,0
117100,37400.0,-79700.0,387,-79700.0,0,0,0
117100,36200.0,-80900.0,387,-80950.0,0,0,0
117100,64495.0,-52605.0,387,-52605.0,0,0,0
117100,42200.0,-74900.0,387,-74900.0,0,0,0
117100,36400.0,-80700.0,387,-80900.0,0,0,0
117100,30600.0,-86500.0,387,-86500.0,0,0,0
117100,35800.0,-81300.0,387,-81350.0,0,0,0
117100,31400.0,-85700.0,387,-85700.0,0,0,0
117100,44335.0,-72765.0,387,-72765.0,0,0,0
117100,28400.0,-88700.0,387,-88700.0,0,0,0
117100,40600.0,-76500.0,387,-76500.0,0,0,0
117100,40000.0,-77100.0,387,-77100.0,0,0,0
117100,32200.0,-84900.0,387,-84900.0,0,0,0
117100,29400.0,-87700.0,387,-87900.0,0,0,0
117100,30400.0,-86700.0,387,-86700.0,0,0,0
117100,33800.0,-83300.0,387,-83500.0,0,0,0
117100,30800.0,-86300.0,387,-86300.0,0,0,0
117100,37800.0,-79300.0,387,-79300.0,0,0,0
117100,31600.0,-85500.0,387,-85500.0,0,0,0
117100,32400.0,-84700.0,387,-84700.0,0,0,0
117100,27600.0,-89500.0,387,-89500.0,0,0,0
117100,46630.0,-70470.0,387,-70470.0,0,0,0
117100,39800.0,-77300.0,387,-77500.0,0,0,0
117100,112689.0,-4411.0,387,-47000.0,0,0,1
117100,34600.0,-82500.0,387,-82500.0,0,0,0
117100,51257.0,-65843.0,387,-65843.0,0,0,0
117100,34000.0,-83100.0,387,-83100.0,0,0,0
117100,37600.0,-79500.0,387,-79500.0,0,0,0
117100,28200.0,-88900.0,387,-88900.0,0,0,0
117100,37600.0,-79500.0,387,-79500.0,0,0,0
117100,28600.0,-88500.0,387,-88550.0,0,0,0
117100,54571.0,-62529.0,387,-63900.0,0,0,0
117100,38200.0,-78900.0,387,-79100.0,0,0,0
117100,28200.0,-88900.0,387,-88900.0,0,0,0
117100,28200.0,-88900.0,387,-88900.0,0,0,0
117100,32800.0,-84300.0,387,-84300.0,0,0,0
117100,66473.0,-50627.0,387,-50627.0,0,0,0
117100,32200.0,-84900.0,387,-84900.0,0,0,0
117100,32600.0,-84500.0,387,-84550.0,0,0,0
117100,33600.0,-83500.0,387,-83500.0,0,0,0
117100,33400.0,-83700.0,387,-83700.0,0,0,0
117100,27200.0,-89900.0,387,-89900.0,0,0,0
117100,42780.0,-74320.0,387,-74320.0,0,0,0
117100,34400.0,-82700.0,387,-82700.0,0,0,0
117100,35600.0,-81500.0,387,-81500.0,0,0,0
117100,38800.0,-78300.0,387,-78750.0,0,0,0
117100,36200.0,-80900.0,387,-82150.0,0,0,0
117100,37200.0,-79900.0,387,-79900.0,0,0,0
117100,30600.0,-86500.0,387,-86500.0,0,0,0
117100,39600.0,-77500.0,387,-77500.0,0,0,0
117100,46079.0,-71021.0,387,-71221.0,0,0,0
117100,38800.0,-78300.0,387,-78750.0,0,0,0
117100,30600.0,-86500.0,387,-86500.0,0,0,0
117100,31800.0,-85300.0,387,-85300.0,0,0,0
117100,34400.0,-82700.0,387,-82900.0,0,0,0
117100,36200.0,-80900.0,387,-81350.0,0,0,0
117100,33600.0,-83500.0,387,-83550.0,0,0,0
117100,32800.0,-84300.0,387,-84500.0,0,0,0
117100,46600.0,-70500.0,387,-70500.0,0,0,0
117100,29000.0,-88100.0,387,-88100.0,0,0,0
117100,39800.0,-77300.0,387,-77300.0,0,0,0
117100,43600.0,-73500.0,387,-74750.0,0,0,0
117100,34400.0,-82700.0,387,-82700.0,0,0,0
117100,36200.0,-80900.0,387,-80900.0,0,0,0
117100,21000.0,-96100.0,387,-96450.0,0,0,0
117100,23200.0,-93900.0,387,-93900.0,0,0,0
117100,35400.0,-81700.0,387,-81700.0,0,0,0
117100,35000.0,-82100.0,387,-83350.0,0,0,0
117100,38000.0,-79100.0,387,-79100.0,0,0,0
117100,34000.0,-83100.0,387,-83100.0,0,0,0
117100,36000.0,-81100.0,387,-81100.0,0,0,0
117100,26200.0,-90900.0,387,-91100.0,0,0,0
117100,39600.0,-77500.0,387,-77950.0,0,0,0
117100,29200.0,-87900.0,387,-87900.0,0,0,0
117100,32000.0,-85100.0,387,-85100.0,0,0,0
117100,30000.0,-87100.0,387,-87100.0,0,0,0
117100,32000.0,-85100.0,387,-85100.0,0,0,0
117100,36800.0,-80300.0,387,-80300.0,0,0,0
117100,36000.0,-81100.0,387,-81100.0,0,0,0
117100,37000.0,-80100.0,387,-80100.0,0,0,0
117100,32000.0,-85100.0,387,-85100.0,0,0,0
117100,36800.0,-80300.0,387,-80300.0,0,0,0
117100,29200.0,-87900.0,387,-87900.0,0,0,0
117100,43530.0,-73570.0,387,-85700.0,0,0,0
117100,25800.0,-91300.0,387,-91300.0,0,0,0
117100,25400.0,-91700.0,387,-91700.0,0,0,0
117100,36800.0,-80300.0,387,-80300.0,0,0,0
117100,32800.0,-84300.0,387,-84300.0,0,0,0
117100,30200.0,-86900.0,387,-86900.0,0,0,0
117100,33800.0,-83300.0,387,-83300.0,0,0,0
117100,38800.0,-78300.0,387,-78300.0,0,0,0
117100,34000.0,-83100.0,387,-83100.0,0,0,0
117100,31000.0,-86100.0,387,-86100.0,0,0,0
117100,31200.0,-85900.0,387,-85900.0,0,0,0
117100,33000.0,-84100.0,387,-84150.0,0,0,0
117100,35600.0,-81500.0,387,-81500.0,0,0,0
117100,33600.0,-83500.0,387,-83550.0,0,0,0
117100,32200.0,-84900.0,387,-84900.0,0,0,0
117100,37600.0,-79500.0,387,-79700.0,0,0,0
117100,36200.0,-80900.0,387,-80900.0,0,0,0
117100,36000.0,-81100.0,387,-81100.0,0,0,0
117100,38800.0,-78300.0,387,-78300.0,0,0,0
117100,36200.0,-80900.0,387,-80900.0,0,0,0
117100,33200.0,-83900.0,387,-83900.0,0,0,0
117100,53309.0,-63791.0,387,-63791.0,0,0,0
117100,37800.0,-79300.0,387,-79300.0,0,0,0
117100,40800.0,-76300.0,387,-76300.0,0,0,0
117100,24800.0,-92300.0,387,-92500.0,0,0,0
117100,80081.0,-37019.0,387,-85150.0,0,0,1
117100,44000.0,-73100.0,387,-73300.0,0,0,0
117100,48416.0,-68684.0,387,-68684.0,0,0,0
117100,33200.0,-83900.0,387,-83900.0,0,0,0
117100,32800.0,-84300.0,387,-84300.0,0,0,0
117100,31400.0,-85700.0,387,-85700.0,0,0,0
117100,47800.0,-69300.0,387,-71100.0,0,0,0
117100,34000.0,-83100.0,387,-83100.0,0,0,0
117100,37600.0,-79500.0,387,-79700.0,0,0,0
117100,31200.0,-85900.0,387,-86100.0,0,0,0
117100,37800.0,-79300.0,387,-79300.0,0,0,0
117100,35400.0,-81700.0,387,-81700.0,0,0,0
117100,36400.0,-80700.0,387,-80700.0,0,0,0
117100,34200.0,-82900.0,387,-82900.0,0,0,0
117100,29000.0,-88100.0,387,-88100.0,0,0,0
117100,32600.0,-84500.0,387,-84700.0,0,0,0
117100,56426.0,-60674.0,387,-69450.0,0,0,0
117100,36381.0,-80719.0,387,-80719.0,0,0,0
117100,34000.0,-83100.0,387,-83100.0,0,0,0
117100,36800.0,-80300.0,387,-80300.0,0,0,0
117100,27600.0,-89500.0,387,-89500.0,0,0,0
117100,32000.0,-85100.0,387,-85100.0,0,0,0
117100,30800.0,-86300.0,387,-86350.0,0,0,0
117100,29600.0,-87500.0,387,-87500.0,0,0,0
117100,33600.0,-83500.0,387,-83500.0,0,0,0
117100,32600.0,-84500.0,387,-84750.0,0,0,0
117100,34200.0,-82900.0,387,-82900.0,0,0,0
117100,37400.0,-79700.0,387,-81350.0,0,0,0
117100,34600.0,-82500.0,387,-82500.0,0,0,0
117100,33400.0,-83700.0,387,-83700.0,0,0,0
117100,71824.0,-45276.0,387,-49850.0,0,0,1
117100,30800.0,-86300.0,387,-86300.0,0,0,0
117100,31000.0,-86100.0,387,-86100.0,0,0,0
117100,43000.0,-74100.0,387,-74500.0,0,0,0
117100,42116.0,-74984.0,387,-84200.0,0,0,0
117100,62483.0,-54617.0,387,-54617.0,0,0,1
117100,35000.0,-82100.0,387,-82100.0,0,0,0
117100,30000.0,-87100.0,387,-87100.0,0,0,0
117100,33800.0,-83300.0,387,-83300.0,0,0,0
117100,38000.0,-79100.0,387,-79150.0,0,0,0
117100,39200.0,-77900.0,387,-77900.0,0,0,0
117100,40600.0,-76500.0,387,-76500.0,0,0,0
117100,83502.0,-33598.0,387,-33598.0,0,0,1
117100,34600.0,-82500.0,387,-82500.0,0,0,0
117100,34200.0,-82900.0,387,-83500.0,0,0,0
117100,28400.0,-88700.0,387,-88700.0,0,0,0
117100,37000.0,-80100.0,387,-80150.0,0,0,0
117100,40600.0,-76500.0,387,-76950.0,0,0,0
117100,36000.0,-81100.0,387,-81150.0,0,0,0
117100,32600.0,-84500.0,387,-84500.0,0,0,0
117100,29200.0,-87900.0,387,-88650.0,0,0,0
117100,50381.0,-66719.0,387,-66919.0,0,0,0
117100,29400.0,-87700.0,387,-87700.0,0,0,0
117100,36400.0,-80700.0,387,-81550.0,0,0,0
117100,40600.0,-76500.0,387,-76500.0,0,0,0
117100,30200.0,-86900.0,387,-86900.0,0,0,0
117100,30800.0,-86300.0,387,-86300.0,0,0,0
117100,35400.0,-81700.0,387,-81700.0,0,0,0
117100,32200.0,-84900.0,387,-84900.0,0,0,0
117100,30200.0,-86900.0,387,-86900.0,0,0,0
117100,37600.0,-79500.0,387,-79500.0,0,0,0
117100,29400.0,-87700.0,387,-87700.0,0,0,0
117100,39000.0,-78100.0,387,-78100.0,0,0,0
117100,43181.0,-73919.0,387,-73919.0,0,0,0
117100,29000.0,-88100.0,387,-88100.0,0,0,0
117100,37400.0,-79700.0,387,-79700.0,0,0,0
117100,36200.0,-80900.0,387,-80900.0,0,0,0
117100,38800.0,-78300.0,387,-78350.0,0,0,0
117100,25800.0,-91300.0,387,-91300.0,0,0,0
117100,32200.0,-84900.0,387,-85100.0,0,0,0
117100,32200.0,-84900.0,387,-84950.0,0,0,0
117100,23000.0,-94100.0,387,-94750.0,0,0,0
117100,34400.0,-82700.0,387,-82700.0,0,0,0
117100,36200.0,-80900.0,387,-80900.0,0,0,0
117100,39000.0,-78100.0,387,-78100.0,0,0,0
117100,70264.0,-46836.0,387,-57400.0,0,0,0
117100,48734.0,-68366.0,387,-68366.0,0,0,0
117100,41600.0,-75500.0,387,-75700.0,0,0,0
117100,31000.0,-86100.0,387,-86100.0,0,0,0
117100,26600.0,-90500.0,387,-90500.0,0,0,0
117100,37800.0,-79300.0,387,-79300.0,0,0,0
117100,35400.0,-81700.0,387,-81700.0,0,0,0
117100,36800.0,-80300.0,387,-80300.0,0,0,0
117100,37000.0,-80100.0,387,-80100.0,0,0,0
117100,25800.0,-91300.0,387,-91300.0,0,0,0
117100,43400.0,-73700.0,387,-74100.0,0,0,0
117100,28600.0,-88500.0,387,-88500.0,0,0,0
117100,26000.0,-91100.0,387,-91100.0,0,0,0
117100,29200.0,-87900.0,387,-87900.0,0,0,0
117100,41400.0,-75700.0,387,-75700.0,0,0,0
117100,37200.0,-79900.0,387,-79900.0,0,0,0
117100,38400.0,-78700.0,387,-78700.0,0,0,0
117100,32800.0,-84300.0,387,-84300.0,0,0,0
117100,32800.0,-84300.0,387,-84300.0,0,0,0
117100,67556.0,-49544.0,387,-49544.0,0,0,1
117100,62580.0,-54520.0,387,-60200.0,0,0,1
117100,38400.0,-78700.0,387,-78700.0,0,0,0
117100,29800.0,-87300.0,387,-88150.0,0,0,0
117100,38800.0,-78300.0,387,-78300.0,0,0,0
117100,29800.0,-87300.0,387,-87500.0,0,0,0
117100,49159.0,-67941.0,387,-67941.0,0,0,0
117100,50777.0,-66323.0,387,-66323.0,0,0,0
117100,38400.0,-78700.0,387,-78700.0,0,0,0
117100,31000.0,-86100.0,387,-86100.0,0,0,0
117100,31600.0,-85500.0,387,-85500.0,0,0,0
117100,27600.0,-89500.0,387,-89500.0,0,0,0
117100,35000.0,-82100.0,387,-82300.0,0,0,0
117100,32600.0,-84500.0,387,-84500.0,0,0,0
117100,35400.0,-81700.0,387,-81700.0,0,0,0
117100,41200.0,-75900.0,387,-75900.0,0,0,0
117100,43000.0,-74100.0,387,-74950.0,0,0,0
117100,37000.0,-80100.0,387,-80750.0,0,0,0
117100,31200.0,-85900.0,387,-85900.0,0,0,0
117100,36600.0,-80500.0,387,-80500.0,0,0,0
117100,33400.0,-83700.0,387,-83700.0,0,0,0
117100,28800.0,-88300.0,387,-88300.0,0,0,0
117100,31600.0,-85500.0,387,-86150.0,0,0,0
117100,34600.0,-82500.0,387,-82500.0,0,0,0
117100,30000.0,-87100.0,387,-87100.0,0,0,0
117100,36600.0,-80500.0,387,-80550.0,0,0,0
117100,32000.0,-85100.0,387,-85100.0,0,0,0
117100,32600.0,-84500.0,387,-84500.0,0,0,0
117100,42800.0,-74300.0,387,-74300.0,0,0,0
117100,37000.0,-80100.0,387,-80100.0,0,0,0
117100,35800.0,-81300.0,387,-81300.0,0,0,0
117100,32600.0,-84500.0,387,-84500.0,0,0,0
117100,32200.0,-84900.0,387,-84900.0,0,0,0
117100,30200.0,-86900.0,387,-87100.0,0,0,0
117100,43235.0,-73865.0,387,-73865.0,0,0,0
117100,29400.0,-87700.0,387,-87700.0,0,0,0
117100,35000.0,-82100.0,387,-82300.0,0,0,0
117100,33800.0,-83300.0,387,-83350.0,0,0,0
117100,38000.0,-79100.0,387,-80350.0,0,0,0
117100,33800.0,-83300.0,387,-83300.0,0,0,0
117100,37400.0,-79700.0,387,-79700.0,0,0,0
117100,34400.0,-82700.0,387,-82700.0,0,0,0
117100,34000.0,-83100.0,387,-83100.0,0,0,0
117100,34400.0,-82700.0,387,-82700.0,0,0,0
117100,27000.0,-90100.0,387,-90100.0,0,0,0
117100,49327.0,-67773.0,387,-67773.0,0,0,0
117100,35600.0,-81500.0,387,-83750.0,0,0,0
117100,28400.0,-88700.0,387,-88700.0,0,0,0
117100,43200.0,-73900.0,387,-73950.0,0,0,0
117100,35600.0,-81500.0,387,-81700.0,0,0,0
117100,41400.0,-75700.0,387,-75700.0,0,0,0
117100,29800.0,-87300.0,387,-87300.0,0,0,0
117100,33800.0,-83300.0,387,-83500.0,0,0,0
117100,30800.0,-86300.0,387,-86300.0,0,0,0
117100,40937.0,-76163.0,387,-76163.0,0,0,0
117100,40400.0,-76700.0,387,-76700.0,0,0,0
117100,88480.0,-28620.0,387,-59550.0,0,0,1
117100,79381.0,-37719.0,387,-45400.0,0,0,1
117100,36400.0,-80700.0,387,-81150.0,0,0,0
117100,47000.0,-70100.0,387,-72200.0,0,0,0
117100,39000.0,-78100.0,387,-78100.0,0,0,0
117100,34200.0,-82900.0,387,-82900.0,0,0,0
117100,32000.0,-85100.0,387,-85100.0,0,0,0
117100,41480.0,-75620.0,387,-75620.0,0,0,0
117100,37000.0,-80100.0,387,-80100.0,0,0,0
117100,29600.0,-87500.0,387,-87700.0,0,0,0
117100,39200.0,-77900.0,387,-77900.0,0,0,0
117100,38000.0,-79100.0,387,-79100.0,0,0,0
117100,35000.0,-82100.0,387,-82100.0,0,0,0
117100,35800.0,-81300.0,387,-81300.0,0,0,0
117100,33000.0,-84100.0,387,-84100.0,0,0,0
117100,35200.0,-81900.0,387,-81900.0,0,0,0
117100,30800.0,-86300.0,387,-86300.0,0,0,0
117100,39550.0,-77550.0,387,-77750.0,0,0,0
117100,33400.0,-83700.0,387,-83900.0,0,0,0
117100,28000.0,-89100.0,387,-89550.0,0,0,0
117100,28400.0,-88700.0,387,-88700.0,0,0,0
117100,38400.0,-78700.0,387,-78900.0,0,0,0
117100,33400.0,-83700.0,387,-83700.0,0,0,0
117100,30400.0,-86700.0,387,-87150.0,0,0,0
117100,34800.0,-82300.0,387,-82300.0,0,0,0
117100,61685.0,-55415.0,387,-55465.0,0,0,0
117100,38200.0,-78900.0,387,-78900.0,0,0,0
117100,35400.0,-81700.0,387,-81900.0,0,0,0
117100,36000.0,-81100.0,387,-81100.0,0,0,0
117100,29600.0,-87500.0,387,-87500.0,0,0,0
117100,36600.0,-80500.0,387,-80500.0,0,0,0
117100,41120.0,-75980.0,387,-75980.0,0,0,0
117100,34800.0,-82300.0,387,-82300.0,0,0,0
117100,30400.0,-86700.0,387,-86700.0,0,0,0
117100,32400.0,-84700.0,387,-84700.0,0,0,0
117100,33200.0,-83900.0,387,-84100.0,0,0,0
117100,36400.0,-80700.0,387,-80900.0,0,0,0
117100,84900.0,-32200.0,387,-32200.0,0,0,1
117100,35600.0,-81500.0,387,-81500.0,0,0,0
117100,33600.0,-83500.0,387,-83500.0,0,0,0
117100,34400.0,-82700.0,387,-82900.0,0,0,0
117100,29000.0,-88100.0,387,-88100.0,0,0,0
117100,44000.0,-73100.0,387,-73100.0,0,0,0
117100,32200.0,-84900.0,387,-84900.0,0,0,0
117100,31600.0,-85500.0,387,-87350.0,0,0,0
117100,34000.0,-83100.0,387,-83100.0,0,0,0
117100,35400.0,-81700.0,387,-81700.0,0,0,0
117100,26600.0,-90500.0,387,-90500.0,0,0,0
117100,32000.0,-85100.0,387,-85100.0,0,0,0
117100,30200.0,-86900.0,387,-86900.0,0,0,0
117100,59414.0,-57686.0,387,-59336.0,0,0,0
117100,54250.0,-62850.0,387,-62850.0,0,0,0
117100,30000.0,-87100.0,387,-87100.0,0,0,0
117100,40000.0,-77100.0,387,-77300.0,0,0,0
117100,39000.0,-78100.0,387,-78300.0,0,0,0
117100,37800.0,-79300.0,387,-79300.0,0,0,0
117100,30800.0,-86300.0,387,-86300.0,0,0,0
117100,35400.0,-81700.0,387,-81950.0,0,0,0
117100,22000.0,-95100.0,387,-95100.0,0,0,0
117100,33000.0,-84100.0,387,-84100.0,0,0,0
117100,33200.0,-83900.0,387,-83900.0,0,0,0
117100,30600.0,-86500.0,387,-87250.0,0,0,0
117100,33400.0,-83700.0,387,-83700.0,0,0,0
117100,25800.0,-91300.0,387,-91300.0,0,0,0
117100,33600.0,-83500.0,387,-83500.0,0,0,0
117100,30400.0,-86700.0,387,-86750.0,0,0,0
117100,33400.0,-83700.0,387,-83700.0,0,0,0
117100,32800.0,-84300.0,387,-84300.0,0,0,0
117100,91700.0,-25400.0,387,-25400.0,0,0,1
117100,33000.0,-84100.0,387,-84950.0,0,0,0
117100,44600.0,-72500.0,387,-72700.0,0,0,0
117100,33800.0,-83300.0,387,-83300.0,0,0,0
117100,35400.0,-81700.0,387,-81700.0,0,0,0
117100,39800.0,-77300.0,387,-77350.0,0,0,0
117100,35400.0,-81700.0,387,-81700.0,0,0,0
117100,34400.0,-82700.0,387,-82700.0,0,0,0
117100,35400.0,-81700.0,387,-81700.0,0,0,0
117100,37600.0,-79500.0,387,-79500.0,0,0,0
117100,36600.0,-80500.0,387,-80700.0,0,0,0
117100,33200.0,-83900.0,387,-83900.0,0,0,0
117100,43510.0,-73590.0,387,-73590.0,0,0,0
117100,74703.0,-42397.0,387,-68250.0,0,0,1
117100,45600.0,-71500.0,387,-71500.0,0,0,0
117100,40400.0,-76700.0,387,-76700.0,0,0,0
117100,35200.0,-81900.0,387,-81900.0,0,0,0
117100,34000.0,-83100.0,387,-83100.0,0,0,0
117100,35400.0,-81700.0,387,-81750.0,0,0,0
117100,49948.0,-67152.0,387,-67152.0,0,0,0
117100,55339.0,-61761.0,387,-62311.0,0,0,0
117100,29800.0,-87300.0,387,-87300.0,0,0,0
117100,34800.0,-82300.0,387,-82350.0,0,0,0
117100,31600.0,-85500.0,387,-85500.0,0,0,0
117100,35000.0,-82100.0,387,-82100.0,0,0,0
117100,32600.0,-84500.0,387,-84700.0,0,0,0
117100,35200.0,-81900.0,387,-81900.0,0,0,0
117100,31200.0,-85900.0,387,-85900.0,0,0,0
117100,2239656.0,2122556.0,387,-37850.0,0,1,0
117100,38000.0,-79100.0,387,-79100.0,0,0,0
117100,31800.0,-85300.0,387,-85300.0,0,0,0
117100,33000.0,-84100.0,387,-84100.0,0,0,0
117100,32600.0,-84500.0,387,-84500.0,0,0,0
117100,37200.0,-79900.0,387,-81450.0,0,0,0
117100,31600.0,-85500.0,387,-85500.0,0,0,0
117100,33400.0,-83700.0,387,-83700.0,0,0,0
117100,36200.0,-80900.0,387,-80900.0,0,0,0
117100,30600.0,-86500.0,387,-86500.0,0,0,0
117100,37600.0,-79500.0,387,-79500.0,0,0,0
117100,39720.0,-77380.0,387,-78230.0,0,0,0
117100,48419.0,-68681.0,387,-68681.0,0,0,0
117100,29000.0,-88100.0,387,-88300.0,0,0,0
117100,32400.0,-84700.0,387,-84700.0,0,0,0
117100,36200.0,-80900.0,387,-80950.0,0,0,0
117100,48554.0,-68546.0,387,-68546.0,0,0,0
117100,31200.0,-85900.0,387,-85900.0,0,0,0
117100,43800.0,-73300.0,387,-74450.0,0,0,0
117100,28400.0,-88700.0,387,-88700.0,0,0,0
117100,30400.0,-86700.0,387,-87050.0,0,0,0
117100,35000.0,-82100.0,387,-82100.0,0,0,0
117100,38800.0,-78300.0,387,-78300.0,0,0,0
117100,26000.0,-91100.0,387,-91100.0,0,0,0
117100,43400.0,-73700.0,387,-73700.0,0,0,0
117100,40400.0,-76700.0,387,-77550.0,0,0,0
117100,31000.0,-86100.0,387,-86100.0,0,0,0
117100,37600.0,-79500.0,387,-79500.0,0,0,0
117100,31400.0,-85700.0,387,-85700.0,0,0,0
117100,31400.0,-85700.0,387,-85900.0,0,0,0
117100,30400.0,-86700.0,387,-86700.0,0,0,0
117100,40400.0,-76700.0,387,-76700.0,0,0,0
117100,31000.0,-86100.0,387,-86300.0,0,0,0
117100,30600.0,-86500.0,387,-86500.0,0,0,0
117100,38800.0,-78300.0,387,-78300.0,0,0,0
117100,34600.0,-82500.0,387,-82500.0,0,0,0
117100,31000.0,-86100.0,387,-86100.0,0,0,0
117100,44000.0,-73100.0,387,-73100.0,0,0,0
117100,34200.0,-82900.0,387,-82900.0,0,0,0
117100,40000.0,-77100.0,387,-77150.0,0,0,0
117100,33200.0,-83900.0,387,-83950.0,0,0,0
117100,32400.0,-84700.0,387,-84900.0,0,0,0
117100,40400.0,-76700.0,387,-76700.0,0,0,0
117100,37000.0,-80100.0,387,-80100.0,0,0,0
117100,37000.0,-80100.0,387,-80100.0,0,0,0
117100,29800.0,-87300.0,387,-87300.0,0,0,0
117100,35200.0,-81900.0,387,-81900.0,0,0,0
117100,44000.0,-73100.0,387,-73100.0,0,0,0
117100,32600.0,-84500.0,387,-84500.0,0,0,0
117100,35600.0,-81500.0,387,-81700.0,0,0,0
117100,39600.0,-77500.0,387,-77700.0,0,0,0
117100,35600.0,-81500.0,387,-81700.0,0,0,0
117100,33400.0,-83700.0,387,-83700.0,0,0,0
117100,31600.0,-85500.0,387,-85500.0,0,0,0
117100,36800.0,-80300.0,387,-80300.0,0,0,0
117100,38600.0,-78500.0,387,-79750.0,0,0,0
117100,82094.0,-35006.0,387,-47400.0,0,0,1
117100,41800.0,-75300.0,387,-75300.0,0,0,0
117100,31200.0,-85900.0,387,-85900.0,0,0,0
117100,39000.0,-78100.0,387,-78100.0,0,0,0
117100,44000.0,-73100.0,387,-73100.0,0,0,0
117100,53525.0,-63575.0,387,-63575.0,0,0,0
117100,27200.0,-89900.0,387,-89900.0,0,0,0
117100,34600.0,-82500.0,387,-82500.0,0,0,0
117100,32800.0,-84300.0,387,-84300.0,0,0,0
117100,34600.0,-82500.0,387,-82500.0,0,0,0
117100,47212.0,-69888.0,387,-70088.0,0,0,0
117100,34800.0,-82300.0,387,-82300.0,0,0,0
117100,39200.0,-77900.0,387,-77900.0,0,0,0
117100,36000.0,-81100.0,387,-81300.0,0,0,0
117100,32600.0,-84500.0,387,-84550.0,0,0,0
117100,34200.0,-82900.0,387,-83150.0,0,0,0
117100,29800.0,-87300.0,387,-87300.0,0,0,0
117100,30400.0,-86700.0,387,-86700.0,0,0,0
117100,43600.0,-73500.0,387,-73500.0,0,0,0
117100,49207.0,-67893.0,387,-67893.0,0,0,0
117100,33000.0,-84100.0,387,-84100.0,0,0,0
117100,42192.0,-74908.0,387,-85400.0,0,0,0
117100,56665.0,-60435.0,387,-63850.0,0,0,0
117100,44200.0,-72900.0,387,-72950.0,0,0,0
117100,32200.0,-84900.0,387,-84900.0,0,0,0
117100,27000.0,-90100.0,387,-90100.0,0,0,0
117100,36800.0,-80300.0,387,-80500.0,0,0,0
117100,37600.0,-79500.0,387,-79500.0,0,0,0
117100,32400.0,-84700.0,387,-84900.0,0,0,0
117100,30200.0,-86900.0,387,-87750.0,0,0,0
117100,32200.0,-84900.0,387,-84900.0,0,0,0
117100,102670.0,-14430.0,387,-30650.0,0,0,1
117100,31400.0,-85700.0,387,-85700.0,0,0,0
117100,38200.0,-78900.0,387,-78900.0,0,0,0
117100,29000.0,-88100.0,387,-88100.0,0,0,0
117100,35000.0,-82100.0,387,-82100.0,0,0,0
117100,31800.0,-85300.0,387,-85300.0,0,0,0
117100,39200.0,-77900.0,387,-77900.0,0,0,0
117100,37600.0,-79500.0,387,-79500.0,0,0,0
117100,35000.0,-82100.0,387,-82100.0,0,0,0
117100,40600.0,-76500.0,387,-76500.0,0,0,0
117100,31800.0,-85300.0,387,-85300.0,0,0,0
117100,26000.0,-91100.0,387,-91100.0,0,0,0
117100,28400.0,-88700.0,387,-89500.0,0,0,0
117100,36400.0,-80700.0,387,-82900.0,0,0,0
117100,36400.0,-80700.0,387,-80700.0,0,0,0
117100,38200.0,-78900.0,387,-78900.0,0,0,0
117100,32400.0,-84700.0,387,-84700.0,0,0,0
117100,43200.0,-73900.0,387,-74100.0,0,0,0
117100,36400.0,-80700.0,387,-80700.0,0,0,0
117100,39600.0,-77500.0,387,-77500.0,0,0,0
117100,35800.0,-81300.0,387,-81350.0,0,0,0
117100,32200.0,-84900.0,387,-84900.0,0,0,0
117100,49599.0,-67501.0,387,-67501.0,0,0,0
117100,34800.0,-82300.0,387,-82300.0,0,0,0
117100,35200.0,-81900.0,387,-81900.0,0,0,0
117100,28200.0,-88900.0,387,-88950.0,0,0,0
117100,46392.0,-70708.0,387,-70708.0,0,0,0
117100,31200.0,-85900.0,387,-86100.0,0,0,0
117100,29200.0,-87900.0,387,-87900.0,0,0,0
117100,29400.0,-87700.0,387,-87700.0,0,0,0
117100,29800.0,-87300.0,387,-87300.0,0,0,0
117100,31800.0,-85300.0,387,-85500.0,0,0,0
117100,37200.0,-79900.0,387,-79900.0,0,0,0
117100,38000.0,-79100.0,387,-80750.0,0,0,0
117100,123746.0,6646.0,387,-44450.0,0,0,1
117100,32400.0,-84700.0,387,-84700.0,0,0,0
117100,31400.0,-85700.0,387,-85700.0,0,0,0
117100,33800.0,-83300.0,387,-83300.0,0,0,0
117100,33000.0,-84100.0,387,-84450.0,0,0,0
117100,42400.0,-74700.0,387,-74700.0,0,0,0
117100,30400.0,-86700.0,387,-86700.0,0,0,0
117100,39400.0,-77700.0,387,-79350.0,0,0,0
117100,55917.0,-61183.0,387,-71750.0,0,0,0
117100,24600.0,-92500.0,387,-92500.0,0,0,0
117100,33400.0,-83700.0,387,-83700.0,0,0,0
117100,27800.0,-89300.0,387,-89500.0,0,0,0
117100,54548.0,-62552.0,387,-62552.0,0,0,0
117100,32200.0,-84900.0,387,-84900.0,0,0,0
117100,26600.0,-90500.0,387,-90500.0,0,0,0
117100,25200.0,-91900.0,387,-91900.0,0,0,0
117100,36000.0,-81100.0,387,-81300.0,0,0,0
117100,31400.0,-85700.0,387,-85700.0,0,0,0
117100,30400.0,-86700.0,387,-86700.0,0,0,0
117100,24800.0,-92300.0,387,-92300.0,0,0,0
117100,111070.0,-6030.0,387,-37900.0,0,0,1
117100,33000.0,-84100.0,387,-84100.0,0,0,0
117100,42800.0,-74300.0,387,-74300.0,0,0,0
117100,30000.0,-87100.0,387,-87300.0,0,0,0
117100,31000.0,-86100.0,387,-86100.0,0,0,0
117100,29600.0,-87500.0,387,-87700.0,0,0,0
117100,40200.0,-76900.0,387,-76900.0,0,0,0
117100,91178.0,-25922.0,387,-58900.0,0,0,1
117100,35200.0,-81900.0,387,-81900.0,0,0,0
117100,35400.0,-81700.0,387,-81700.0,0,0,0
117100,43800.0,-73300.0,387,-73300.0,0,0,0
117100,27800.0,-89300.0,387,-89300.0,0,0,0
117100,36800.0,-80300.0,387,-80300.0,0,0,0
117100,35800.0,-81300.0,387,-81300.0,0,0,0
117100,28200.0,-88900.0,387,-88900.0,0,0,0
117100,26400.0,-90700.0,387,-90900.0,0,0,0
117100,31000.0,-86100.0,387,-86100.0,0,0,0
117100,48567.0,-68533.0,387,-68750.0,0,0,0
117100,34000.0,-83100.0,387,-83100.0,0,0,0
117100,40000.0,-77100.0,387,-77100.0,0,0,0
117100,31400.0,-85700.0,387,-85700.0,0,0,0
117100,37200.0,-79900.0,387,-81550.0,0,0,0
117100,38600.0,-78500.0,387,-78500.0,0,0,0
117100,46679.0,-70421.0,387,-70421.0,0,0,0
117100,49151.0,-67949.0,387,-74100.0,0,0,0
117100,33800.0,-83300.0,387,-83300.0,0,0,0
117100,23800.0,-93300.0,387,-93300.0,0,0,0
117100,38200.0,-78900.0,387,-78900.0,0,0,0
117100,32200.0,-84900.0,387,-84950.0,0,0,0
117100,32400.0,-84700.0,387,-84700.0,0,0,0
117100,49717.0,-67383.0,387,-67383.0,0,0,1
117100,36000.0,-81100.0,387,-81100.0,0,0,0
117100,30800.0,-86300.0,387,-86300.0,0,0,0
117100,34000.0,-83100.0,387,-83450.0,0,0,0
117100,34000.0,-83100.0,387,-83100.0,0,0,0
117100,38600.0,-78500.0,387,-78500.0,0,0,0
117100,27800.0,-89300.0,387,-89300.0,0,0,0
117100,35200.0,-81900.0,387,-82450.0,0,0,0
117100,37200.0,-79900.0,387,-79900.0,0,0,0
117100,34600.0,-82500.0,387,-82500.0,0,0,0
117100,40000.0,-77100.0,387,-77100.0,0,0,0
117100,61483.0,-55617.0,387,-55617.0,0,0,1
117100,34200.0,-82900.0,387,-83950.0,0,0,0
117100,32400.0,-84700.0,387,-84700.0,0,0,0
117100,38800.0,-78300.0,387,-78300.0,0,0,0
117100,40800.0,-76300.0,387,-76300.0,0,0,0
117100,33400.0,-83700.0,387,-83700.0,0,0,0
117100,36600.0,-80500.0,387,-80550.0,0,0,0
117100,27800.0,-89300.0,387,-89300.0,0,0,0
117100,62403.0,-54697.0,387,-54697.0,0,0,0
117100,47325.0,-69775.0,387,-69775.0,0,0,0
117100,32800.0,-84300.0,387,-84300.0,0,0,0
117100,40600.0,-76500.0,387,-76500.0,0,0,0
117100,40200.0,-76900.0,387,-77350.0,0,0,0
117100,33400.0,-83700.0,387,-83700.0,0,0,0
117100,44591.0,-72509.0,387,-72509.0,0,0,0
117100,100391.0,-16709.0,387,-45200.0,0,0,1
117100,32000.0,-85100.0,387,-85100.0,0,0,0
117100,39400.0,-77700.0,387,-77700.0,0,0,0
117100,31400.0,-85700.0,387,-85700.0,0,0,0
117100,40200.0,-76900.0,387,-76950.0,0,0,0
117100,34600.0,-82500.0,387,-82700.0,0,0,0
117100,32400.0,-84700.0,387,-84900.0,0,0,0
117100,34800.0,-82300.0,387,-82300.0,0,0,0
117100,28000.0,-89100.0,387,-89100.0,0,0,0
117100,31200.0,-85900.0,387,-85900.0,0,0,0
117100,32200.0,-84900.0,387,-85100.0,0,0,0
117100,25400.0,-91700.0,387,-91700.0,0,0,0
117100,33800.0,-83300.0,387,-83350.0,0,0,0
117100,48865.0,-68235.0,387,-69485.0,0,0,0
117100,30800.0,-86300.0,387,-86300.0,0,0,0
117100,37200.0,-79900.0,387,-79900.0,0,0,0
117100,25800.0,-91300.0,387,-91300.0,0,0,0
117100,44633.0,-72467.0,387,-72467.0,0,0,0
117100,45600.0,-71500.0,387,-71500.0,0,0,0
117100,37600.0,-79500.0,387,-79500.0,0,0,0
117100,31800.0,-85300.0,387,-85300.0,0,0,0
117100,29400.0,-87700.0,387,-87900.0,0,0,0
117100,33800.0,-83300.0,387,-83300.0,0,0,0
117100,39400.0,-77700.0,387,-77700.0,0,0,0
117100,38200.0,-78900.0,387,-78900.0,0,0,0
117100,39800.0,-77300.0,387,-77300.0,0,0,0
117100,34400.0,-82700.0,387,-82900.0,0,0,0
117100,33000.0,-84100.0,387,-85900.0,0,0,0
117100,39000.0,-78100.0,387,-78100.0,0,0,0
117100,37400.0,-79700.0,387,-79700.0,0,0,0
117100,30200.0,-86900.0,387,-87100.0,0,0,0
117100,31000.0,-86100.0,387,-86100.0,0,0,0
117100,39200.0,-77900.0,387,-77900.0,0,0,0
117100,40600.0,-76500.0,387,-76500.0,0,0,0
117100,32000.0,-85100.0,387,-85100.0,0,0,0
117100,35600.0,-81500.0,387,-81500.0,0,0,0
117100,37000.0,-80100.0,387,-80100.0,0,0,0
117100,102592.0,-14508.0,387,-33900.0,0,0,1
117100,41400.0,-75700.0,387,-75750.0,0,0,0
117100,38800.0,-78300.0,387,-78300.0,0,0,0
117100,32400.0,-84700.0,387,-84700.0,0,0,0
117100,36000.0,-81100.0,387,-81700.0,0,0,0
117100,29800.0,-87300.0,387,-87300.0,0,0,0
117100,33000.0,-84100.0,387,-84300.0,0,0,0
117100,62452.0,-54648.0,387,-54648.0,0,0,0
117100,35800.0,-81300.0,387,-81300.0,0,0,0
117100,33600.0,-83500.0,387,-83500.0,0,0,0
117100,106320.0,-10780.0,387,-42400.0,0,0,1
117100,53129.0,-63971.0,387,-63971.0,0,0,0
117100,36200.0,-80900.0,387,-80900.0,0,0,0
117100,38800.0,-78300.0,387,-78300.0,0,0,0
117100,30800.0,-86300.0,387,-86300.0,0,0,0
117100,42000.0,-75100.0,387,-75100.0,0,0,0
117100,29000.0,-88100.0,387,-88450.0,0,0,0
117100,34400.0,-82700.0,387,-82700.0,0,0,0
117100,33600.0,-83500.0,387,-83500.0,0,0,0
117100,28000.0,-89100.0,387,-89100.0,0,0,0
117100,33400.0,-83700.0,387,-83700.0,0,0,0
117100,34000.0,-83100.0,387,-83300.0,0,0,0
117100,43820.0,-73280.0,387,-86050.0,0,0,0
117100,43600.0,-73500.0,387,-74350.0,0,0,0
117100,37400.0,-79700.0,387,-79700.0,0,0,0
117100,33600.0,-83500.0,387,-83500.0,0,0,0
117100,30000.0,-87100.0,387,-87100.0,0,0,0
117100,32000.0,-85100.0,387,-85100.0,0,0,0
117100,100145.0,-16955.0,387,-45750.0,0,0,1
117100,36800.0,-80300.0,387,-80300.0,0,0,0
117100,33200.0,-83900.0,387,-83900.0,0,0,0
117100,36200.0,-80900.0,387,-80900.0,0,0,0
117100,45400.0,-71700.0,387,-71700.0,0,0,0
117100,32000.0,-85100.0,387,-85100.0,0,0,0
117100,34800.0,-82300.0,387,-82300.0,0,0,0
117100,34800.0,-82300.0,387,-82500.0,0,0,0
117100,36200.0,-80900.0,387,-80900.0,0,0,0
117100,41800.0,-75300.0,387,-75350.0,0,0,0
117100,36200.0,-80900.0,387,-80900.0,0,0,0
117100,36800.0,-80300.0,387,-80300.0,0,0,0
117100,29600.0,-87500.0,387,-87500.0,0,0,0
117100,41400.0,-75700.0,387,-77500.0,0,0,0
117100,40800.0,-76300.0,387,-76300.0,0,0,0
117100,35400.0,-81700.0,387,-81700.0,0,0,0
117100,27000.0,-90100.0,387,-90100.0,0,0,0
117100,37800.0,-79300.0,387,-79300.0,0,0,0
117100,24000.0,-93100.0,387,-93100.0,0,0,0
117100,36000.0,-81100.0,387,-81100.0,0,0,0
117100,36200.0,-80900.0,387,-80900.0,0,0,0
117100,54370.0,-62730.0,387,-62730.0,0,0,0
117100,27400.0,-89700.0,387,-89700.0,0,0,0
117100,36800.0,-80300.0,387,-80300.0,0,0,0
117100,31600.0,-85500.0,387,-85500.0,0,0,0
117100,88370.0,-28730.0,387,-28930.0,0,0,1
117100,35800.0,-81300.0,387,-81300.0,0,0,0
117100,21600.0,-95500.0,387,-95500.0,0,0,0
117100,31400.0,-85700.0,387,-85700.0,0,0,0
117100,32400.0,-84700.0,387,-84700.0,0,0,0
117100,64492.0,-52608.0,387,-76650.0,0,0,1
117100,28200.0,-88900.0,387,-88900.0,0,0,0
117100,129681.0,12581.0,387,-67700.0,0,0,1
117100,41303.0,-75797.0,387,-76250.0,0,0,0
117100,34400.0,-82700.0,387,-82700.0,0,0,0
117100,35000.0,-82100.0,387,-82300.0,0,0,0
117100,23000.0,-94100.0,387,-94100.0,0,0,0
117100,86950.0,-30150.0,387,-39910.0,0,0,1
117100,35600.0,-81500.0,387,-81500.0,0,0,0
117100,55257.0,-61843.0,387,-61843.0,0,0,0
117100,24200.0,-92900.0,387,-92950.0,0,0,0
117100,38600.0,-78500.0,387,-78700.0,0,0,0
117100,40800.0,-76300.0,387,-76750.0,0,0,0
117100,33200.0,-83900.0,387,-83900.0,0,0,0
117100,51822.0,-65278.0,387,-66750.0,0,0,0
117100,31400.0,-85700.0,387,-85700.0,0,0,0
117100,50434.0,-66666.0,387,-66666.0,0,0,0
117100,52859.0,-64241.0,387,-64241.0,0,0,0
117100,30000.0,-87100.0,387,-87100.0,0,0,0
117100,34400.0,-82700.0,387,-82700.0,0,0,0
117100,31400.0,-85700.0,387,-85700.0,0,0,0
117100,33400.0,-83700.0,387,-83700.0,0,0,0
117100,29600.0,-87500.0,387,-87700.0,0,0,0
117100,34200.0,-82900.0,387,-82900.0,0,0,0
117100,61300.0,-55800.0,387,-63350.0,0,0,0
117100,29600.0,-87500.0,387,-87700.0,0,0,0
117100,34800.0,-82300.0,387,-82300.0,0,0,0
117100,35000.0,-82100.0,387,-82100.0,0,0,0
117100,35000.0,-82100.0,387,-82100.0,0,0,0
117100,32200.0,-84900.0,387,-84900.0,0,0,0
117100,26600.0,-90500.0,387,-90500.0,0,0,0
117100,24200.0,-92900.0,387,-92900.0,0,0,0
117100,31000.0,-86100.0,387,-86100.0,0,0,0
117100,29400.0,-87700.0,387,-87700.0,0,0,0
117100,27200.0,-89900.0,387,-89900.0,0,0,0
117100,43200.0,-73900.0,387,-74250.0,0,0,0
117100,31800.0,-85300.0,387,-85300.0,0,0,0
117100,31800.0,-85300.0,387,-85350.0,0,0,0
117100,32800.0,-84300.0,387,-84300.0,0,0,0
117100,40000.0,-77100.0,387,-77300.0,0,0,0
117100,31000.0,-86100.0,387,-86100.0,0,0,0
117100,31000.0,-86100.0,387,-86100.0,0,0,0
117100,30600.0,-86500.0,387,-86500.0,0,0,0
117100,35400.0,-81700.0,387,-81900.0,0,0,0
117100,46424.0,-70676.0,387,-70676.0,0,0,0
117100,39600.0,-77500.0,387,-77500.0,0,0,0
117100,35000.0,-82100.0,387,-82100.0,0,0,0
117100,39800.0,-77300.0,387,-77300.0,0,0,0
117100,34000.0,-83100.0,387,-83100.0,0,0,0
117100,36800.0,-80300.0,387,-80300.0,0,0,0
117100,34600.0,-82500.0,387,-82700.0,0,0,0
117100,36000.0,-81100.0,387,-81900.0,0,0,0
117100,56079.0,-61021.0,387,-61021.0,0,0,0
117100,35000.0,-82100.0,387,-82100.0,0,0,0
117100,35200.0,-81900.0,387,-81900.0,0,0,0
117100,33800.0,-83300.0,387,-83350.0,0,0,0
117100,36400.0,-80700.0,387,-80700.0,0,0,0
117100,36000.0,-81100.0,387,-81100.0,0,0,0
117100,32200.0,-84900.0,387,-84900.0,0,0,0
117100,35921.0,-81179.0,387,-81379.0,0,0,0
117100,30000.0,-87100.0,387,-87450.0,0,0,0
117100,39400.0,-77700.0,387,-77900.0,0,0,0
117100,45944.0,-71156.0,387,-71156.0,0,0,0
117100,49981.0,-67119.0,387,-67169.0,0,0,0
117100,44200.0,-72900.0,387,-72900.0,0,0,0
117100,33000.0,-84100.0,387,-84100.0,0,0,0
117100,34000.0,-83100.0,387,-83100.0,0,0,0
117100,34200.0,-82900.0,387,-82950.0,0,0,0
117100,29800.0,-87300.0,387,-87300.0,0,0,0
117100,40000.0,-77100.0,387,-77300.0,0,0,0
117100,29400.0,-87700.0,387,-87700.0,0,0,0
117100,30800.0,-86300.0,387,-86350.0,0,0,0
117100,36400.0,-80700.0,387,-80750.0,0,0,0
117100,31800.0,-85300.0,387,-85300.0,0,0,0
117100,29200.0,-87900.0,387,-87900.0,0,0,0
117100,33800.0,-83300.0,387,-83300.0,0,0,0
117100,36000.0,-81100.0,387,-81100.0,0,0,0
117100,30000.0,-87100.0,387,-87100.0,0,0,0
117100,37200.0,-79900.0,387,-80100.0,0,0,0
117100,40000.0,-77100.0,387,-77100.0,0,0,0
117100,34200.0,-82900.0,387,-82900.0,0,0,0
117100,34800.0,-82300.0,387,-82500.0,0,0,0
117100,29000.0,-88100.0,387,-88100.0,0,0,0
117100,37600.0,-79500.0,387,-79500.0,0,0,0
117100,41400.0,-75700.0,387,-75900.0,0,0,0
117100,35000.0,-82100.0,387,-82100.0,0,0,0
117100,28000.0,-89100.0,387,-89100.0,0,0,0
117100,36000.0,-81100.0,387,-81100.0,0,0,0
117100,48327.0,-68773.0,387,-68773.0,0,0,0
117100,31800.0,-85300.0,387,-85300.0,0,0,0
117100,34200.0,-82900.0,387,-82900.0,0,0,0
117100,36000.0,-81100.0,387,-81450.0,0,0,0
117100,37600.0,-79500.0,387,-79500.0,0,0,0
117100,22600.0,-94500.0,387,-94700.0,0,0,0
117100,31600.0,-85500.0,387,-85500.0,0,0,0
117100,83506.0,-33594.0,387,-33594.0,0,0,1
117100,35200.0,-81900.0,387,-81900.0,0,0,0
117100,39200.0,-77900.0,387,-77900.0,0,0,0
117100,26200.0,-90900.0,387,-90900.0,0,0,0
117100,32800.0,-84300.0,387,-84300.0,0,0,0
117100,29400.0,-87700.0,387,-87700.0,0,0,0
117100,36200.0,-80900.0,387,-80900.0,0,0,0
117100,38400.0,-78700.0,387,-78700.0,0,0,0
117100,33600.0,-83500.0,387,-83500.0,0,0,0
117100,23800.0,-93300.0,387,-93300.0,0,0,0
117100,33600.0,-83500.0,387,-83500.0,0,0,0
117100,34000.0,-83100.0,387,-83100.0,0,0,0
117100,30600.0,-86500.0,387,-86500.0,0,0,0
117100,44672.0,-72428.0,387,-72428.0,0,0,0
117100,28000.0,-89100.0,387,-89100.0,0,0,0
117100,36400.0,-80700.0,387,-80700.0,0,0,0
117100,39800.0,-77300.0,387,-77300.0,0,0,0
117100,28600.0,-88500.0,387,-88700.0,0,0,0
117100,36600.0,-80500.0,387,-80550.0,0,0,0
117100,29200.0,-87900.0,387,-87950.0,0,0,0
117100,27600.0,-89500.0,387,-89500.0,0,0,0
117100,36800.0,-80300.0,387,-80300.0,0,0,0
117100,53373.0,-63727.0,387,-63727.0,0,0,0
117100,37600.0,-79500.0,387,-79500.0,0,0,0
117100,35600.0,-81500.0,387,-81500.0,0,0,0
117100,31600.0,-85500.0,387,-85500.0,0,0,0
117100,31200.0,-85900.0,387,-86550.0,0,0,0
117100,32600.0,-84500.0,387,-84500.0,0,0,0
117100,29200.0,-87900.0,387,-87900.0,0,0,0
117100,35600.0,-81500.0,387,-81700.0,0,0,0
117100,26800.0,-90300.0,387,-90300.0,0,0,0
117100,31200.0,-85900.0,387,-85950.0,0,0,0
117100,34000.0,-83100.0,387,-83300.0,0,0,0
117100,27200.0,-89900.0,387,-89900.0,0,0,0
117100,39200.0,-77900.0,387,-77900.0,0,0,0
117100,33000.0,-84100.0,387,-84100.0,0,0,0
117100,34200.0,-82900.0,387,-82900.0,0,0,0
117100,42400.0,-74700.0,387,-74700.0,0,0,0
117100,42400.0,-74700.0,387,-74700.0,0,0,0
117100,42000.0,-75100.0,387,-75100.0,0,0,0
117100,29800.0,-87300.0,387,-87300.0,0,0,0
117100,32000.0,-85100.0,387,-85100.0,0,0,0
117100,32000.0,-85100.0,387,-85300.0,0,0,0
117100,33200.0,-83900.0,387,-83900.0,0,0,0
117100,31600.0,-85500.0,387,-85500.0,0,0,0
117100,33000.0,-84100.0,387,-84100.0,0,0,0
117100,48400.0,-68700.0,387,-68700.0,0,0,0
117100,36600.0,-80500.0,387,-80500.0,0,0,0
117100,28800.0,-88300.0,387,-88300.0,0,0,0
117100,30600.0,-86500.0,387,-86500.0,0,0,0
117100,29400.0,-87700.0,387,-87700.0,0,0,0
117100,28000.0,-89100.0,387,-89100.0,0,0,0
117100,35800.0,-81300.0,387,-81300.0,0,0,0
117100,36200.0,-80900.0,387,-82150.0,0,0,0
117100,34200.0,-82900.0,387,-82900.0,0,0,0
117100,48675.0,-68425.0,387,-68425.0,0,0,0
117100,31200.0,-85900.0,387,-85900.0,0,0,0
117100,45200.0,-71900.0,387,-72100.0,0,0,0
117100,33800.0,-83300.0,387,-83300.0,0,0,0
117100,32400.0,-84700.0,387,-84700.0,0,0,0
117100,48234.0,-68866.0,387,-68866.0,0,0,0
117100,77909.0,-39191.0,387,-55708.0,0,0,1
117100,27600.0,-89500.0,387,-89500.0,0,0,0
117100,40400.0,-76700.0,387,-76700.0,0,0,0
117100,38800.0,-78300.0,387,-78300.0,0,0,0
117100,34000.0,-83100.0,387,-83100.0,0,0,0
117100,37600.0,-79500.0,387,-79500.0,0,0,0
117100,32000.0,-85100.0,387,-85100.0,0,0,0
117100,29000.0,-88100.0,387,-88100.0,0,0,0
117100,33600.0,-83500.0,387,-83500.0,0,0,0
117100,34000.0,-83100.0,387,-83100.0,0,0,0
117100,33800.0,-83300.0,387,-83300.0,0,0,0
117100,34600.0,-82500.0,387,-82700.0,0,0,0
117100,32200.0,-84900.0,387,-85100.0,0,0,0
117100,57522.0,-59578.0,387,-59578.0,0,0,0
117100,34000.0,-83100.0,387,-83100.0,0,0,0
117100,34400.0,-82700.0,387,-82700.0,0,0,0
117100,35400.0,-81700.0,387,-81700.0,0,0,0
117100,49344.0,-67756.0,387,-84300.0,0,0,0
117100,58833.0,-58267.0,387,-66500.0,0,0,0
117100,33200.0,-83900.0,387,-83900.0,0,0,0
117100,38400.0,-78700.0,387,-78700.0,0,0,0
117100,30600.0,-86500.0,387,-86500.0,0,0,0
117100,32200.0,-84900.0,387,-84950.0,0,0,0
117100,35200.0,-81900.0,387,-81900.0,0,0,0
117100,28000.0,-89100.0,387,-89150.0,0,0,0
117100,24400.0,-92700.0,387,-92700.0,0,0,0
117100,31400.0,-85700.0,387,-85750.0,0,0,0
117100,31000.0,-86100.0,387,-86100.0,0,0,0
117100,36400.0,-80700.0,387,-80700.0,0,0,0
117100,30800.0,-86300.0,387,-86300.0,0,0,0
117100,41000.0,-76100.0,387,-76100.0,0,0,0
117100,30200.0,-86900.0,387,-86900.0,0,0,0
117100,31200.0,-85900.0,387,-85900.0,0,0,0
117100,38520.0,-78580.0,387,-78780.0,0,0,0
117100,40400.0,-76700.0,387,-76700.0,0,0,0
117100,40605.0,-76495.0,387,-76495.0,0,0,0
117100,31000.0,-86100.0,387,-86100.0,0,0,0
117100,37400.0,-79700.0,387,-79700.0,0,0,0
117100,31800.0,-85300.0,387,-85300.0,0,0,0
117100,34600.0,-82500.0,387,-82700.0,0,0,0
117100,55217.0,-61883.0,387,-61883.0,0,0,0
117100,33200.0,-83900.0,387,-83900.0,0,0,0
117100,45370.0,-71730.0,387,-71730.0,0,0,0
117100,32400.0,-84700.0,387,-84700.0,0,0,0
117100,35400.0,-81700.0,387,-81900.0,0,0,0
117100,42400.0,-74700.0,387,-74700.0,0,0,0
117100,41600.0,-75500.0,387,-75500.0,0,0,0
117100,34800.0,-82300.0,387,-82300.0,0,0,0
117100,41800.0,-75300.0,387,-75300.0,0,0,0
117100,37400.0,-79700.0,387,-79700.0,0,0,0
117100,34800.0,-82300.0,387,-82300.0,0,0,0
117100,34800.0,-82300.0,387,-84150.0,0,0,0
117100,48600.0,-68500.0,387,-68500.0,0,0,0
117100,25800.0,-91300.0,387,-91300.0,0,0,0
117100,34800.0,-82300.0,387,-82300.0,0,0,0
117100,82859.0,-34241.0,387,-39643.0,0,0,1
117100,30800.0,-86300.0,387,-86300.0,0,0,0
117100,41800.0,-75300.0,387,-75300.0,0,0,0
117100,29800.0,-87300.0,387,-87300.0,0,0,0
117100,29800.0,-87300.0,387,-87300.0,0,0,0
117100,40000.0,-77100.0,387,-77100.0,0,0,0
117100,31400.0,-85700.0,387,-86500.0,0,0,0
117100,30800.0,-86300.0,387,-86350.0,0,0,0
117100,36800.0,-80300.0,387,-80300.0,0,0,0
117100,45000.0,-72100.0,387,-72100.0,0,0,0
117100,31400.0,-85700.0,387,-85700.0,0,0,0
117100,43792.0,-73308.0,387,-86350.0,0,0,0
117100,32800.0,-84300.0,387,-84300.0,0,0,0
117100,34000.0,-83100.0,387,-83100.0,0,0,0
117100,34800.0,-82300.0,387,-82300.0,0,0,0
117100,34800.0,-82300.0,387,-82300.0,0,0,0
117100,33600.0,-83500.0,387,-83500.0,0,0,0
117100,34200.0,-82900.0,387,-82900.0,0,0,0
117100,108670.0,-8430.0,387,-33300.0,0,0,1
117100,29400.0,-87700.0,387,-88100.0,0,0,0
117100,35800.0,-81300.0,387,-81300.0,0,0,0
117100,33800.0,-83300.0,387,-83350.0,0,0,0
117100,36400.0,-80700.0,387,-80700.0,0,0,0
117100,36200.0,-80900.0,387,-80900.0,0,0,0
117100,22200.0,-94900.0,387,-94900.0,0,0,0
117100,35800.0,-81300.0,387,-81300.0,0,0,0
117100,47800.0,-69300.0,387,-69300.0,0,0,0
117100,33400.0,-83700.0,387,-83700.0,0,0,0
117100,54577.0,-62523.0,387,-62773.0,0,0,0
117100,35800.0,-81300.0,387,-81350.0,0,0,0
117100,32000.0,-85100.0,387,-85100.0,0,0,0
117100,39400.0,-77700.0,387,-77700.0,0,0,0
117100,43200.0,-73900.0,387,-73900.0,0,0,0
117100,38000.0,-79100.0,387,-79100.0,0,0,0
117100,32000.0,-85100.0,387,-85300.0,0,0,0
117100,25400.0,-91700.0,387,-91900.0,0,0,0
117100,50392.0,-66708.0,387,-80550.0,0,0,0
117100,35400.0,-81700.0,387,-81700.0,0,0,0
117100,27200.0,-89900.0,387,-89900.0,0,0,0
117100,32400.0,-84700.0,387,-84900.0,0,0,0
117100,32600.0,-84500.0,387,-86300.0,0,0,0
117100,35400.0,-81700.0,387,-81750.0,0,0,0
117100,32400.0,-84700.0,387,-84700.0,0,0,0
117100,37600.0,-79500.0,387,-79500.0,0,0,0
117100,33400.0,-83700.0,387,-84250.0,0,0,0
117100,31800.0,-85300.0,387,-85300.0,0,0,0
117100,29200.0,-87900.0,387,-87900.0,0,0,0
117100,40200.0,-76900.0,387,-77750.0,0,0,0
117100,38400.0,-78700.0,387,-78700.0,0,0,0
117100,77201.0,-39899.0,387,-57450.0,0,0,1
117100,46509.0,-70591.0,387,-70791.0,0,0,0
117100,33000.0,-84100.0,387,-84100.0,0,0,0
117100,29800.0,-87300.0,387,-87500.0,0,0,0
117100,92393.0,-24707.0,387,-59000.0,0,0,1
117100,29800.0,-87300.0,387,-87650.0,0,0,0
117100,24400.0,-92700.0,387,-92700.0,0,0,0
117100,35600.0,-81500.0,387,-81500.0,0,0,0
117100,37800.0,-79300.0,387,-79300.0,0,0,0
117100,37400.0,-79700.0,387,-80350.0,0,0,0
117100,39950.0,-77150.0,387,-77150.0,0,0,0
117100,46067.0,-71033.0,387,-71033.0,0,0,0
117100,30200.0,-86900.0,387,-86900.0,0,0,0
117100,36600.0,-80500.0,387,-80500.0,0,0,0
117100,1330462.0,1213362.0,387,-79050.0,0,1,0
117100,30600.0,-86500.0,387,-86500.0,0,0,0
117100,38200.0,-78900.0,387,-79100.0,0,0,0
117100,39000.0,-78100.0,387,-78150.0,0,0,0
117100,31400.0,-85700.0,387,-85700.0,0,0,0
117100,28000.0,-89100.0,387,-89100.0,0,0,0
117100,31000.0,-86100.0,387,-86100.0,0,0,0
117100,27600.0,-89500.0,387,-90300.0,0,0,0
117100,47944.0,-69156.0,387,-69356.0,0,0,0
117100,33800.0,-83300.0,387,-83300.0,0,0,0
117100,30800.0,-86300.0,387,-86300.0,0,0,0
117100,35400.0,-81700.0,387,-81700.0,0,0,0
117100,35800.0,-81300.0,387,-81750.0,0,0,0
117100,30000.0,-87100.0,387,-87100.0,0,0,0
117100,44800.0,-72300.0,387,-72300.0,0,0,0
117100,30600.0,-86500.0,387,-86500.0,0,0,0
117100,37400.0,-79700.0,387,-79700.0,0,0,0
117100,45674.0,-71426.0,387,-71426.0,0,0,0
117100,31200.0,-85900.0,387,-85900.0,0,0,0
117100,39600.0,-77500.0,387,-77550.0,0,0,0
117100,33400.0,-83700.0,387,-83900.0,0,0,0
117100,33600.0,-83500.0,387,-83500.0,0,0,0
117100,28800.0,-88300.0,387,-88300.0,0,0,0
117100,38800.0,-78300.0,387,-78950.0,0,0,0
117100,30400.0,-86700.0,387,-86700.0,0,0,0
117100,35000.0,-82100.0,387,-82950.0,0,0,0
117100,29200.0,-87900.0,387,-87900.0,0,0,0
117100,32200.0,-84900.0,387,-84900.0,0,0,0
117100,48000.0,-69100.0,387,-69100.0,0,0,0
117100,22400.0,-94700.0,387,-94700.0,0,0,0
117100,81174.0,-35926.0,387,-35926.0,0,0,1
117100,33600.0,-83500.0,387,-83500.0,0,0,0
117100,35400.0,-81700.0,387,-81700.0,0,0,0
117100,49144.0,-67956.0,387,-85900.0,0,0,0
117100,42600.0,-74500.0,387,-74500.0,0,0,0
117100,34200.0,-82900.0,387,-82900.0,0,0,0
117100,97971.0,-19129.0,387,-20300.0,0,0,1
117100,31600.0,-85500.0,387,-85550.0,0,0,0
117100,34200.0,-82900.0,387,-82900.0,0,0,0
117100,29800.0,-87300.0,387,-87300.0,0,0,0
117100,29600.0,-87500.0,387,-87500.0,0,0,0
117100,29600.0,-87500.0,387,-87500.0,0,0,0
117100,42200.0,-74900.0,387,-74900.0,0,0,0
117100,95737.0,-21363.0,387,-37700.0,0,0,1
117100,43800.0,-73300.0,387,-73300.0,0,0,0
117100,35400.0,-81700.0,387,-81700.0,0,0,0
117100,35400.0,-81700.0,387,-81700.0,0,0,0
117100,33600.0,-83500.0,387,-83500.0,0,0,0
117100,34200.0,-82900.0,387,-83600.0,0,0,0
117100,34800.0,-82300.0,387,-82350.0,0,0,0
117100,31800.0,-85300.0,387,-85500.0,0,0,0
117100,34600.0,-82500.0,387,-82500.0,0,0,0
117100,35200.0,-81900.0,387,-82400.0,0,0,0
117100,32400.0,-84700.0,387,-84700.0,0,0,0
117100,34000.0,-83100.0,387,-83100.0,0,0,0
117100,39351.0,-77749.0,387,-80300.0,0,0,0
117100,45000.0,-72100.0,387,-72100.0,0,0,0
117100,31200.0,-85900.0,387,-86150.0,0,0,0
117100,42800.0,-74300.0,387,-74900.0,0,0,0
117100,34600.0,-82500.0,387,-82500.0,0,0,0
117100,38200.0,-78900.0,387,-78900.0,0,0,0
117100,40000.0,-77100.0,387,-77100.0,0,0,0
117100,33800.0,-83300.0,387,-83300.0,0,0,0
117100,40200.0,-76900.0,387,-76900.0,0,0,0
117100,37000.0,-80100.0,387,-80100.0,0,0,0
117100,32000.0,-85100.0,387,-85150.0,0,0,0
117100,34000.0,-83100.0,387,-83100.0,0,0,0
117100,34600.0,-82500.0,387,-82500.0,0,0,0
117100,33600.0,-83500.0,387,-83700.0,0,0,0
117100,34200.0,-82900.0,387,-82900.0,0,0,0
117100,33000.0,-84100.0,387,-84100.0,0,0,0
117100,27000.0,-90100.0,387,-90100.0,0,0,0
117100,73568.0,-43532.0,387,-58200.0,0,0,1
117100,38400.0,-78700.0,387,-79300.0,0,0,0
117100,37800.0,-79300.0,387,-79300.0,0,0,0
117100,49692.0,-67408.0,387,-67858.0,0,0,0
117100,30000.0,-87100.0,387,-87100.0,0,0,0
117100,34800.0,-82300.0,387,-82500.0,0,0,0
117100,34000.0,-83100.0,387,-83100.0,0,0,0
117100,25000.0,-92100.0,387,-92100.0,0,0,0
117100,72935.0,-44165.0,387,-44165.0,0,0,0
117100,38000.0,-79100.0,387,-79100.0,0,0,0
117100,35400.0,-81700.0,387,-81700.0,0,0,0
117100,36400.0,-80700.0,387,-80700.0,0,0,0
117100,51431.0,-65669.0,387,-65669.0,0,0,0
117100,35600.0,-81500.0,387,-81500.0,0,0,0
117100,29000.0,-88100.0,387,-88100.0,0,0,0
117100,40000.0,-77100.0,387,-77100.0,0,0,0
117100,38000.0,-79100.0,387,-80350.0,0,0,0
117100,45800.0,-71300.0,387,-71300.0,0,0,0
117100,42982.0,-74118.0,387,-74118.0,0,0,0
117100,41600.0,-75500.0,387,-75500.0,0,0,0
117100,44000.0,-73100.0,387,-73100.0,0,0,0
117100,32400.0,-84700.0,387,-84750.0,0,0,0
117100,34200.0,-82900.0,387,-84150.0,0,0,0
117100,38000.0,-79100.0,387,-79100.0,0,0,0
117100,43597.0,-73503.0,387,-78250.0,0,0,0
117100,38200.0,-78900.0,387,-78900.0,0,0,0
117100,31000.0,-86100.0,387,-86100.0,0,0,0
117100,37200.0,-79900.0,387,-79900.0,0,0,0
117100,32200.0,-84900.0,387,-84900.0,0,0,0
117100,31400.0,-85700.0,387,-85700.0,0,0,0
117100,41737.0,-75363.0,387,-75363.0,0,0,0
117100,35000.0,-82100.0,387,-82100.0,0,0,0
117100,30600.0,-86500.0,387,-86500.0,0,0,0
117100,43200.0,-73900.0,387,-74750.0,0,0,0
117100,31600.0,-85500.0,387,-85500.0,0,0,0
117100,35200.0,-81900.0,387,-81900.0,0,0,0
117100,112516.0,-4584.0,387,-55550.0,0,0,1
117100,27000.0,-90100.0,387,-90100.0,0,0,0
117100,30800.0,-86300.0,387,-86300.0,0,0,0
117100,28600.0,-88500.0,387,-88500.0,0,0,0
117100,35000.0,-82100.0,387,-82100.0,0,0,0
117100,30800.0,-86300.0,387,-86300.0,0,0,0
117100,28400.0,-88700.0,387,-88700.0,0,0,0
117100,30200.0,-86900.0,387,-86900.0,0,0,0
117100,28800.0,-88300.0,387,-88350.0,0,0,0
117100,32600.0,-84500.0,387,-84500.0,0,0,0
117100,31000.0,-86100.0,387,-86300.0,0,0,0
117100,38800.0,-78300.0,387,-78300.0,0,0,0
117100,42400.0,-74700.0,387,-74900.0,0,0,0
117100,30600.0,-86500.0,387,-87050.0,0,0,0
117100,41600.0,-75500.0,387,-75500.0,0,0,0
117100,29400.0,-87700.0,387,-87700.0,0,0,0
117100,35800.0,-81300.0,387,-81300.0,0,0,0
117100,41400.0,-75700.0,387,-75750.0,0,0,0
117100,30800.0,-86300.0,387,-86300.0,0,0,0
117100,38000.0,-79100.0,387,-79100.0,0,0,0
117100,38800.0,-78300.0,387,-78300.0,0,0,0
117100,32800.0,-84300.0,387,-84300.0,0,0,0
117100,36000.0,-81100.0,387,-81100.0,0,0,0
117100,92146.0,-24954.0,387,-27300.0,0,0,1
117100,34400.0,-82700.0,387,-82700.0,0,0,0
117100,116909.0,-191.0,387,-59750.0,0,0,1
117100,36400.0,-80700.0,387,-81550.0,0,0,0
117100,32200.0,-84900.0,387,-84900.0,0,0,0
117100,27000.0,-90100.0,387,-90100.0,0,0,0
117100,30400.0,-86700.0,387,-86700.0,0,0,0
117100,41600.0,-75500.0,387,-75700.0,0,0,0
117100,31800.0,-85300.0,387,-85550.0,0,0,0
117100,33600.0,-83500.0,387,-83500.0,0,0,0
117100,39655.0,-77445.0,387,-77445.0,0,0,0
117100,37800.0,-79300.0,387,-79500.0,0,0,0
117100,33800.0,-83300.0,387,-83300.0,0,0,0
117100,29800.0,-87300.0,387,-87300.0,0,0,0
117100,33800.0,-83300.0,387,-83300.0,0,0,0
117100,34800.0,-82300.0,387,-82500.0,0,0,0
117100,29400.0,-87700.0,387,-87700.0,0,0,0
117100,39600.0,-77500.0,387,-77500.0,0,0,0
117100,53742.0,-63358.0,387,-82350.0,0,0,1
117100,33400.0,-83700.0,387,-83700.0,0,0,0
117100,35800.0,-81300.0,387,-81300.0,0,0,0
117100,34000.0,-83100.0,387,-83100.0,0,0,0
117100,33800.0,-83300.0,387,-83300.0,0,0,0
117100,33600.0,-83500.0,387,-83500.0,0,0,0
117100,40400.0,-76700.0,387,-76700.0,0,0,0
117100,34000.0,-83100.0,387,-83100.0,0,0,0
117100,27400.0,-89700.0,387,-89700.0,0,0,0
117100,32600.0,-84500.0,387,-84500.0,0,0,0
117100,45134.0,-71966.0,387,-71966.0,0,0,0
117100,28200.0,-88900.0,387,-89100.0,0,0,0
117100,30000.0,-87100.0,387,-87100.0,0,0,0
117100,32800.0,-84300.0,387,-84350.0,0,0,0
117100,33200.0,-83900.0,387,-83900.0,0,0,0
117100,41000.0,-76100.0,387,-76100.0,0,0,0
117100,30000.0,-87100.0,387,-87100.0,0,0,0
117100,25600.0,-91500.0,387,-91500.0,0,0,0
117100,34800.0,-82300.0,387,-82300.0,0,0,0
117100,32200.0,-84900.0,387,-84900.0,0,0,0
117100,38570.0,-78530.0,387,-78780.0,0,0,0
117100,32800.0,-84300.0,387,-84300.0,0,0,0
117100,41600.0,-75500.0,387,-76350.0,0,0,0
117100,30600.0,-86500.0,387,-86500.0,0,0,0
117100,44800.0,-72300.0,387,-72500.0,0,0,0
117100,104940.0,-12160.0,387,-34600.0,0,0,1
117100,34000.0,-83100.0,387,-83100.0,0,0,0
117100,33800.0,-83300.0,387,-83300.0,0,0,0
117100,32000.0,-85100.0,387,-85100.0,0,0,0
117100,49620.0,-67480.0,387,-67480.0,0,0,0
117100,47590.0,-69510.0,387,-69510.0,0,0,0
117100,33800.0,-83300.0,387,-83500.0,0,0,0
117100,28200.0,-88900.0,387,-88900.0,0,0,0
117100,35600.0,-81500.0,387,-81700.0,0,0,0
117100,28400.0,-88700.0,387,-88700.0,0,0,0
117100,37600.0,-79500.0,387,-79500.0,0,0,0
117100,32000.0,-85100.0,387,-85100.0,0,0,0
117100,25600.0,-91500.0,387,-91500.0,0,0,0
117100,36600.0,-80500.0,387,-80500.0,0,0,0
117100,44800.0,-72300.0,387,-72300.0,0,0,0
117100,33600.0,-83500.0,387,-84250.0,0,0,0
117100,34200.0,-82900.0,387,-82900.0,0,0,0
117100,79060.0,-38040.0,387,-49300.0,0,0,1
117100,33400.0,-83700.0,387,-83700.0,0,0,0
117100,51599.0,-65501.0,387,-65501.0,0,0,0
117100,34800.0,-82300.0,387,-82300.0,0,0,0
117100,29800.0,-87300.0,387,-87300.0,0,0,0
117100,56600.0,-60500.0,387,-77250.0,0,0,0
117100,47400.0,-69700.0,387,-69700.0,0,0,0
117100,30000.0,-87100.0,387,-87100.0,0,0,0
117100,32800.0,-84300.0,387,-84300.0,0,0,0
117100,39200.0,-77900.0,387,-77950.0,0,0,0
117100,27800.0,-89300.0,387,-89300.0,0,0,0
117100,28400.0,-88700.0,387,-88700.0,0,0,0
117100,31400.0,-85700.0,387,-85700.0,0,0,0
117100,41400.0,-75700.0,387,-75900.0,0,0,0
117100,33000.0,-84100.0,387,-84100.0,0,0,0
117100,39400.0,-77700.0,387,-77700.0,0,0,0
117100,32200.0,-84900.0,387,-84900.0,0,0,0
117100,35000.0,-82100.0,387,-82150.0,0,0,0
117100,29400.0,-87700.0,387,-87700.0,0,0,0
117100,29600.0,-87500.0,387,-87500.0,0,0,0
117100,35800.0,-81300.0,387,-81300.0,0,0,0
117100,28200.0,-88900.0,387,-88900.0,0,0,0
117100,26200.0,-90900.0,387,-91100.0,0,0,0
117100,47053.0,-70047.0,387,-70047.0,0,0,0
117100,41200.0,-75900.0,387,-75900.0,0,0,0
117100,36600.0,-80500.0,387,-80500.0,0,0,0
117100,39000.0,-78100.0,387,-78700.0,0,0,0
117100,127681.0,10581.0,387,-71950.0,0,0,1
117100,34400.0,-82700.0,387,-82700.0,0,0,0
117100,40000.0,-77100.0,387,-77300.0,0,0,0
117100,31600.0,-85500.0,387,-85850.0,0,0,0
117100,30400.0,-86700.0,387,-86700.0,0,0,0
117100,29000.0,-88100.0,387,-88100.0,0,0,0
117100,40800.0,-76300.0,387,-76300.0,0,0,0
117100,29800.0,-87300.0,387,-87300.0,0,0,0
117100,31400.0,-85700.0,387,-85700.0,0,0,0
117100,108870.0,-8230.0,387,-30900.0,0,0,1
117100,37000.0,-80100.0,387,-80100.0,0,0,0
117100,35400.0,-81700.0,387,-81700.0,0,0,0
117100,30200.0,-86900.0,387,-86900.0,0,0,0
117100,33800.0,-83300.0,387,-83300.0,0,0,0
117100,55049.0,-62051.0,387,-62900.0,0,0,0
117100,77925.0,-39175.0,387,-61150.0,0,0,1
117100,41000.0,-76100.0,387,-76150.0,0,0,0
117100,29800.0,-87300.0,387,-87300.0,0,0,0
117100,41000.0,-76100.0,387,-76100.0,0,0,0
117100,33400.0,-83700.0,387,-83700.0,0,0,0
117100,36000.0,-81100.0,387,-81100.0,0,0,0
117100,74349.0,-42751.0,387,-43551.0,0,0,0
117100,32200.0,-84900.0,387,-84900.0,0,0,0
117100,35800.0,-81300.0,387,-81300.0,0,0,0
117100,33600.0,-83500.0,387,-83500.0,0,0,0
117100,35200.0,-81900.0,387,-81900.0,0,0,0
117100,89860.0,-27240.0,387,-43300.0,0,0,1
117100,35800.0,-81300.0,387,-81300.0,0,0,0
117100,43200.0,-73900.0,387,-74950.0,0,0,0
117100,35400.0,-81700.0,387,-81700.0,0,0,0
117100,39400.0,-77700.0,387,-77950.0,0,0,0
117100,28600.0,-88500.0,387,-88500.0,0,0,0
117100,39400.0,-77700.0,387,-77900.0,0,0,0
117100,31800.0,-85300.0,387,-85300.0,0,0,0
117100,38400.0,-78700.0,387,-78700.0,0,0,0
117100,37000.0,-80100.0,387,-80100.0,0,0,0
117100,40600.0,-76500.0,387,-76500.0,0,0,0
117100,43400.0,-73700.0,387,-73700.0,0,0,0
117100,38000.0,-79100.0,387,-79100.0,0,0,0
117100,38000.0,-79100.0,387,-79100.0,0,0,0
117100,35800.0,-81300.0,387,-81300.0,0,0,0
117100,33600.0,-83500.0,387,-83500.0,0,0,0
117100,33000.0,-84100.0,387,-84100.0,0,0,0
117100,38000.0,-79100.0,387,-79150.0,0,0,0
117100,38400.0,-78700.0,387,-78900.0,0,0,0
117100,39800.0,-77300.0,387,-77300.0,0,0,0
117100,38200.0,-78900.0,387,-78900.0,0,0,0
117100,52275.0,-64825.0,387,-64825.0,0,0,0
117100,36400.0,-80700.0,387,-80700.0,0,0,0
117100,32800.0,-84300.0,387,-84300.0,0,0,0
117100,31800.0,-85300.0,387,-85350.0,0,0,0
117100,33600.0,-83500.0,387,-83500.0,0,0,0
117100,37400.0,-79700.0,387,-79700.0,0,0,0
117100,28400.0,-88700.0,387,-88700.0,0,0,0
117100,38800.0,-78300.0,387,-78300.0,0,0,0
117100,29600.0,-87500.0,387,-87500.0,0,0,0
117100,33400.0,-83700.0,387,-83700.0,0,0,0
117100,99635.0,-17465.0,387,-36900.0,0,0,1
117100,49001.0,-68099.0,387,-68099.0,0,0,0
117100,42800.0,-74300.0,387,-74300.0,0,0,0
117100,32200.0,-84900.0,387,-84900.0,0,0,0
117100,34600.0,-82500.0,387,-82550.0,0,0,0
117100,33000.0,-84100.0,387,-84300.0,0,0,0
117100,30800.0,-86300.0,387,-86300.0,0,0,0
117100,55296.0,-61804.0,387,-82450.0,0,0,1
117100,30600.0,-86500.0,387,-86500.0,0,0,0
117100,37400.0,-79700.0,387,-79700.0,0,0,0
117100,42000.0,-75100.0,387,-76750.0,0,0,0
117100,36000.0,-81100.0,387,-81100.0,0,0,0
117100,24400.0,-92700.0,387,-92700.0,0,0,0
117100,30200.0,-86900.0,387,-86900.0,0,0,0
117100,33600.0,-83500.0,387,-83500.0,0,0,0
117100,33000.0,-84100.0,387,-84100.0,0,0,0
117100,37800.0,-79300.0,387,-79300.0,0,0,0
117100,26800.0,-90300.0,387,-90300.0,0,0,0
117100,35600.0,-81500.0,387,-81500.0,0,0,0
117100,31000.0,-86100.0,387,-86100.0,0,0,0
117100,100517.0,-16583.0,387,-45900.0,0,0,1
117100,32000.0,-85100.0,387,-85150.0,0,0,0
117100,68140.0,-48960.0,387,-48960.0,0,0,0
117100,37000.0,-80100.0,387,-80300.0,0,0,0
117100,30600.0,-86500.0,387,-86500.0,0,0,0
117100,35000.0,-82100.0,387,-82100.0,0,0,0
117100,40200.0,-76900.0,387,-76950.0,0,0,0
117100,32600.0,-84500.0,387,-84500.0,0,0,0
117100,34600.0,-82500.0,387,-82500.0,0,0,0
117100,28800.0,-88300.0,387,-88650.0,0,0,0
117100,31800.0,-85300.0,387,-85300.0,0,0,0
117100,31000.0,-86100.0,387,-86100.0,0,0,0
117100,52507.0,-64593.0,387,-66993.0,0,0,0
117100,31600.0,-85500.0,387,-86300.0,0,0,0
117100,35000.0,-82100.0,387,-82100.0,0,0,0
117100,25800.0,-91300.0,387,-91300.0,0,0,0
117100,56973.0,-60127.0,387,-60127.0,0,0,0
117100,26200.0,-90900.0,387,-91250.0,0,0,0
117100,37600.0,-79500.0,387,-79500.0,0,0,0
117100,36000.0,-81100.0,387,-81100.0,0,0,0
117100,29000.0,-88100.0,387,-88100.0,0,0,0
117100,25800.0,-91300.0,387,-91300.0,0,0,0
117100,34400.0,-82700.0,387,-82700.0,0,0,0
117100,34200.0,-82900.0,387,-82900.0,0,0,0
117100,32000.0,-85100.0,387,-85300.0,0,0,0
117100,33600.0,-83500.0,387,-83500.0,0,0,0
117100,32600.0,-84500.0,387,-84500.0,0,0,0
117100,26600.0,-90500.0,387,-90500.0,0,0,0
117100,33800.0,-83300.0,387,-83300.0,0,0,0
117100,41600.0,-75500.0,387,-75700.0,0,0,0
117100,58374.0,-58726.0,387,-58726.0,0,0,0
117100,30600.0,-86500.0,387,-86500.0,0,0,0
117100,37600.0,-79500.0,387,-79700.0,0,0,0
117100,38000.0,-79100.0,387,-79100.0,0,0,0
117100,42017.0,-75083.0,387,-75083.0,0,0,0
117100,28600.0,-88500.0,387,-88500.0,0,0,0
117100,34400.0,-82700.0,387,-82700.0,0,0,0
117100,33400.0,-83700.0,387,-83900.0,0,0,0
117100,103204.0,-13896.0,387,-13896.0,0,0,1
117100,33600.0,-83500.0,387,-84500.0,0,0,0
117100,39200.0,-77900.0,387,-78100.0,0,0,0
117100,32800.0,-84300.0,387,-84300.0,0,0,0
117100,34800.0,-82300.0,387,-82300.0,0,0,0
117100,44621.0,-72479.0,387,-72529.0,0,0,0
117100,38600.0,-78500.0,387,-78550.0,0,0,0
117100,21800.0,-95300.0,387,-95950.0,0,0,0
117100,28600.0,-88500.0,387,-88700.0,0,0,0
117100,39600.0,-77500.0,387,-77500.0,0,0,0
117100,37400.0,-79700.0,387,-80050.0,0,0,0
117100,41000.0,-76100.0,387,-76100.0,0,0,0
117100,34200.0,-82900.0,387,-83100.0,0,0,0
117100,33800.0,-83300.0,387,-83350.0,0,0,0
117100,30400.0,-86700.0,387,-86700.0,0,0,0
117100,39800.0,-77300.0,387,-77300.0,0,0,0
117100,39200.0,-77900.0,387,-78150.0,0,0,0
117100,32400.0,-84700.0,387,-84700.0,0,0,0
117100,95146.0,-21954.0,387,-24100.0,0,0,1
117100,38400.0,-78700.0,387,-78700.0,0,0,0
117100,36200.0,-80900.0,387,-80950.0,0,0,0
117100,43411.0,-73689.0,387,-73689.0,0,0,0
117100,45200.0,-71900.0,387,-71900.0,0,0,0
117100,31200.0,-85900.0,387,-85900.0,0,0,0
117100,38800.0,-78300.0,387,-79150.0,0,0,0
117100,49721.0,-67379.0,387,-67379.0,0,0,0
117100,36000.0,-81100.0,387,-81100.0,0,0,0
117100,28000.0,-89100.0,387,-89100.0,0,0,0
117100,33400.0,-83700.0,387,-83700.0,0,0,0
117100,50596.0,-66504.0,387,-66504.0,0,0,0
117100,39000.0,-78100.0,387,-78100.0,0,0,0
117100,31000.0,-86100.0,387,-86100.0,0,0,0
117100,26000.0,-91100.0,387,-91150.0,0,0,0
117100,37400.0,-79700.0,387,-79700.0,0,0,0
117100,25600.0,-91500.0,387,-91500.0,0,0,0
117100,37800.0,-79300.0,387,-79300.0,0,0,0
117100,35400.0,-81700.0,387,-81700.0,0,0,0
117100,38400.0,-78700.0,387,-78750.0,0,0,0
117100,36200.0,-80900.0,387,-80950.0,0,0,0
117100,35200.0,-81900.0,387,-81950.0,0,0,0
117100,30200.0,-86900.0,387,-86900.0,0,0,0
117100,41400.0,-75700.0,387,-75750.0,0,0,0
117100,37400.0,-79700.0,387,-79700.0,0,0,0
117100,39200.0,-77900.0,387,-77900.0,0,0,0
117100,26000.0,-91100.0,387,-91100.0,0,0,0
117100,31600.0,-85500.0,387,-85500.0,0,0,0
117100,38600.0,-78500.0,387,-78700.0,0,0,0
117100,22400.0,-94700.0,387,-94700.0,0,0,0
117100,39600.0,-77500.0,387,-77500.0,0,0,0
117100,41455.0,-75645.0,387,-75645.0,0,0,0
117100,46586.0,-70514.0,387,-70514.0,0,0,0
117100,30400.0,-86700.0,387,-86700.0,0,0,0
117100,27400.0,-89700.0,387,-89700.0,0,0,0
117100,28400.0,-88700.0,387,-88750.0,0,0,0
117100,36600.0,-80500.0,387,-80700.0,0,0,0
117100,42800.0,-74300.0,387,-74900.0,0,0,0
117100,38000.0,-79100.0,387,-79900.0,0,0,0
117100,34200.0,-82900.0,387,-82900.0,0,0,0
117100,36400.0,-80700.0,387,-80750.0,0,0,0
117100,35200.0,-81900.0,387,-82100.0,0,0,0
117100,28600.0,-88500.0,387,-88500.0,0,0,0
117100,29600.0,-87500.0,387,-87550.0,0,0,0
117100,36400.0,-80700.0,387,-80700.0,0,0,0
117100,30400.0,-86700.0,387,-86700.0,0,0,0
117100,40510.0,-76590.0,387,-76590.0,0,0,0
117100,34000.0,-83100.0,387,-83100.0,0,0,0
117100,29600.0,-87500.0,387,-87500.0,0,0,0
117100,53075.0,-64025.0,387,-64075.0,0,0,0
117100,31600.0,-85500.0,387,-85500.0,0,0,0
117100,32200.0,-84900.0,387,-84900.0,0,0,0
117100,30000.0,-87100.0,387,-87100.0,0,0,0
117100,31600.0,-85500.0,387,-85550.0,0,0,0
117100,35000.0,-82100.0,387,-82100.0,0,0,0
117100,36400.0,-80700.0,387,-80700.0,0,0,0
117100,29600.0,-87500.0,387,-87500.0,0,0,0
117100,34000.0,-83100.0,387,-83100.0,0,0,0
117100,35400.0,-81700.0,387,-81700.0,0,0,0
117100,37200.0,-79900.0,387,-79900.0,0,0,0
117100,35400.0,-81700.0,387,-81700.0,0,0,0
117100,35000.0,-82100.0,387,-82150.0,0,0,0
117100,32200.0,-84900.0,387,-84950.0,0,0,0
117100,29400.0,-87700.0,387,-87700.0,0,0,0
117100,37800.0,-79300.0,387,-79300.0,0,0,0
117100,30600.0,-86500.0,387,-86500.0,0,0,0
117100,39800.0,-77300.0,387,-77300.0,0,0,0
117100,41992.0,-75108.0,387,-75108.0,0,0,0
117100,38800.0,-78300.0,387,-78300.0,0,0,0
117100,45886.0,-71214.0,387,-71414.0,0,0,0
117100,30200.0,-86900.0,387,-86950.0,0,0,0
117100,44400.0,-72700.0,387,-72700.0,0,0,0
117100,57016.0,-60084.0,387,-60284.0,0,0,0
117100,41800.0,-75300.0,387,-75300.0,0,0,0
117100,32000.0,-85100.0,387,-86650.0,0,0,0
117100,28000.0,-89100.0,387,-89100.0,0,0,0
117100,30200.0,-86900.0,387,-86900.0,0,0,0
117100,29600.0,-87500.0,387,-87500.0,0,0,0
117100,31800.0,-85300.0,387,-86100.0,0,0,0
117100,39200.0,-77900.0,387,-78100.0,0,0,0
117100,28200.0,-88900.0,387,-88900.0,0,0,0
117100,44141.0,-72959.0,387,-72959.0,0,0,0
117100,30800.0,-86300.0,387,-86300.0,0,0,0
117100,24600.0,-92500.0,387,-92700.0,0,0,0
117100,29800.0,-87300.0,387,-87300.0,0,0,0
117100,34200.0,-82900.0,387,-82900.0,0,0,0
117100,87927.0,-29173.0,387,-29173.0,0,0,1
117100,32000.0,-85100.0,387,-85100.0,0,0,0
117100,29600.0,-87500.0,387,-87500.0,0,0,0
117100,36400.0,-80700.0,387,-80700.0,0,0,0
117100,113343.0,-3757.0,387,-78300.0,0,0,1
117100,30200.0,-86900.0,387,-87100.0,0,0,0
117100,30800.0,-86300.0,387,-86300.0,0,0,0
117100,39200.0,-77900.0,387,-77900.0,0,0,0
117100,31600.0,-85500.0,387,-85550.0,0,0,0
117100,25600.0,-91500.0,387,-91500.0,0,0,0
117100,31800.0,-85300.0,387,-85300.0,0,0,0
117100,28800.0,-88300.0,387,-88350.0,0,0,0
117100,43200.0,-73900.0,387,-73900.0,0,0,0
117100,26800.0,-90300.0,387,-90300.0,0,0,0
117100,34400.0,-82700.0,387,-82700.0,0,0,0
117100,34200.0,-82900.0,387,-82900.0,0,0,0
117100,54977.0,-62123.0,387,-62123.0,0,0,0
117100,35200.0,-81900.0,387,-81950.0,0,0,0
117100,38800.0,-78300.0,387,-78300.0,0,0,0
117100,56600.0,-60500.0,387,-74850.0,0,0,0
117100,36200.0,-80900.0,387,-80950.0,0,0,0
117100,32000.0,-85100.0,387,-85100.0,0,0,0
117100,40200.0,-76900.0,387,-76900.0,0,0,0
117100,33800.0,-83300.0,387,-83950.0,0,0,0
117100,36600.0,-80500.0,387,-80500.0,0,0,0
117100,34600.0,-82500.0,387,-82500.0,0,0,0
117100,54263.0,-62837.0,387,-62837.0,0,0,0
117100,33600.0,-83500.0,387,-83700.0,0,0,0
117100,38400.0,-78700.0,387,-78750.0,0,0,0
117100,32000.0,-85100.0,387,-85100.0,0,0,0
117100,34000.0,-83100.0,387,-83100.0,0,0,0
117100,34200.0,-82900.0,387,-82900.0,0,0,0
117100,31400.0,-85700.0,387,-85700.0,0,0,0
117100,75068.0,-42032.0,387,-42032.0,0,0,1
117100,81740.0,-35360.0,387,-40550.0,0,0,1
117100,29600.0,-87500.0,387,-87550.0,0,0,0
117100,36000.0,-81100.0,387,-81100.0,0,0,0
117100,53621.0,-63479.0,387,-63479.0,0,0,0
117100,35600.0,-81500.0,387,-81500.0,0,0,0
117100,26800.0,-90300.0,387,-90300.0,0,0,0
117100,40200.0,-76900.0,387,-76900.0,0,0,0
117100,31400.0,-85700.0,387,-85700.0,0,0,0
117100,34200.0,-82900.0,387,-82900.0,0,0,0
117100,35200.0,-81900.0,387,-81900.0,0,0,0
117100,32200.0,-84900.0,387,-84900.0,0,0,0
117100,30600.0,-86500.0,387,-86500.0,0,0,0
117100,33200.0,-83900.0,387,-83900.0,0,0,0
117100,28800.0,-88300.0,387,-88300.0,0,0,0
117100,27600.0,-89500.0,387,-89500.0,0,0,0
117100,31600.0,-85500.0,387,-85500.0,0,0,0
117100,95694.0,-21406.0,387,-26950.0,0,0,1
117100,37600.0,-79500.0,387,-79500.0,0,0,0
117100,27200.0,-89900.0,387,-89900.0,0,0,0
117100,36000.0,-81100.0,387,-81100.0,0,0,0
117100,60539.0,-56561.0,387,-57061.0,0,0,0
117100,33000.0,-84100.0,387,-84100.0,0,0,0
117100,33800.0,-83300.0,387,-83300.0,0,0,0
117100,29800.0,-87300.0,387,-87300.0,0,0,0
117100,30800.0,-86300.0,387,-86300.0,0,0,0
117100,33200.0,-83900.0,387,-83900.0,0,0,0
117100,28200.0,-88900.0,387,-88900.0,0,0,0
117100,39000.0,-78100.0,387,-78100.0,0,0,0
117100,28600.0,-88500.0,387,-88500.0,0,0,0
117100,34200.0,-82900.0,387,-82900.0,0,0,0
117100,33400.0,-83700.0,387,-83700.0,0,0,0
117100,31000.0,-86100.0,387,-86100.0,0,0,0
117100,35200.0,-81900.0,387,-81900.0,0,0,0
117100,38000.0,-79100.0,387,-79300.0,0,0,0
117100,32000.0,-85100.0,387,-85100.0,0,0,0
117100,31200.0,-85900.0,387,-85900.0,0,0,0
117100,35800.0,-81300.0,387,-81650.0,0,0,0
117100,31800.0,-85300.0,387,-85300.0,0,0,0
117100,29800.0,-87300.0,387,-87300.0,0,0,0
117100,34600.0,-82500.0,387,-82750.0,0,0,0
117100,38400.0,-78700.0,387,-78700.0,0,0,0
117100,38000.0,-79100.0,387,-79100.0,0,0,0
117100,36200.0,-80900.0,387,-80900.0,0,0,0
117100,22600.0,-94500.0,387,-94500.0,0,0,0
117100,29200.0,-87900.0,387,-88100.0,0,0,0
117100,39800.0,-77300.0,387,-77300.0,0,0,0
117100,37000.0,-80100.0,387,-80100.0,0,0,0
117100,36600.0,-80500.0,387,-80500.0,0,0,0
117100,34600.0,-82500.0,387,-82500.0,0,0,0
117100,36400.0,-80700.0,387,-80700.0,0,0,0
117100,52687.0,-64413.0,387,-64613.0,0,0,0
117100,114975.0,-2125.0,387,-71800.0,0,0,1
117100,34400.0,-82700.0,387,-82700.0,0,0,0
117100,34400.0,-82700.0,387,-82750.0,0,0,0
117100,44760.0,-72340.0,387,-72540.0,0,0,0
117100,30000.0,-87100.0,387,-87100.0,0,0,0
117100,30000.0,-87100.0,387,-87100.0,0,0,0
117100,36000.0,-81100.0,387,-81100.0,0,0,0
117100,84460.0,-32640.0,387,-47250.0,0,0,1
117100,33600.0,-83500.0,387,-83500.0,0,0,0
117100,58562.0,-58538.0,387,-72250.0,0,0,0
117100,32600.0,-84500.0,387,-84500.0,0,0,0
117100,31600.0,-85500.0,387,-85550.0,0,0,0
117100,36400.0,-80700.0,387,-80700.0,0,0,0
117100,53265.0,-63835.0,387,-64035.0,0,0,0
117100,37600.0,-79500.0,387,-79700.0,0,0,0
117100,29400.0,-87700.0,387,-87700.0,0,0,0
117100,42200.0,-74900.0,387,-74900.0,0,0,0
117100,39400.0,-77700.0,387,-77700.0,0,0,0
117100,32400.0,-84700.0,387,-84700.0,0,0,0
117100,35200.0,-81900.0,387,-81900.0,0,0,0
117100,34600.0,-82500.0,387,-82500.0,0,0,0
117100,40000.0,-77100.0,387,-77100.0,0,0,0
117100,38600.0,-78500.0,387,-78500.0,0,0,0
117100,103878.0,-13222.0,387,-59350.0,0,0,1
117100,34600.0,-82500.0,387,-82500.0,0,0,0
117100,29600.0,-87500.0,387,-87500.0,0,0,0
117100,34000.0,-83100.0,387,-83100.0,0,0,0
117100,30800.0,-86300.0,387,-86300.0,0,0,0
117100,102592.0,-14508.0,387,-33500.0,0,0,1
117100,28200.0,-88900.0,387,-88900.0,0,0,0
117100,35600.0,-81500.0,387,-81500.0,0,0,0
117100,41655.0,-75445.0,387,-75445.0,0,0,0
117100,53479.0,-63621.0,387,-63621.0,0,0,0
117100,27600.0,-89500.0,387,-89500.0,0,0,0
117100,41400.0,-75700.0,387,-75700.0,0,0,0
117100,36000.0,-81100.0,387,-81100.0,0,0,0
117100,33000.0,-84100.0,387,-84100.0,0,0,0
117100,29800.0,-87300.0,387,-87500.0,0,0,0
117100,72336.0,-44764.0,387,-55050.0,0,0,1
117100,39000.0,-78100.0,387,-78100.0,0,0,0
117100,32800.0,-84300.0,387,-84500.0,0,0,0
117100,48653.0,-68447.0,387,-68447.0,0,0,0
117100,44191.0,-72909.0,387,-73109.0,0,0,0
117100,31400.0,-85700.0,387,-85700.0,0,0,0
117100,32600.0,-84500.0,387,-84500.0,0,0,0
117100,34200.0,-82900.0,387,-83100.0,0,0,0
117100,34200.0,-82900.0,387,-82900.0,0,0,0
117100,31400.0,-85700.0,387,-85900.0,0,0,0
117100,36800.0,-80300.0,387,-80350.0,0,0,0
117100,33200.0,-83900.0,387,-83900.0,0,0,0
117100,33800.0,-83300.0,387,-83300.0,0,0,0
117100,31000.0,-86100.0,387,-86100.0,0,0,0
117100,30800.0,-86300.0,387,-86300.0,0,0,0
117100,34200.0,-82900.0,387,-82900.0,0,0,0
117100,48636.0,-68464.0,387,-68464.0,0,0,0
117100,28000.0,-89100.0,387,-89300.0,0,0,0
117100,28000.0,-89100.0,387,-89100.0,0,0,0
117100,25600.0,-91500.0,387,-91500.0,0,0,0
117100,34000.0,-83100.0,387,-83100.0,0,0,0
117100,36000.0,-81100.0,387,-81100.0,0,0,0
117100,34600.0,-82500.0,387,-82500.0,0,0,0
117100,34800.0,-82300.0,387,-82500.0,0,0,0
117100,28000.0,-89100.0,387,-89100.0,0,0,0
117100,45800.0,-71300.0,387,-71500.0,0,0,0
117100,50675.0,-66425.0,387,-68075.0,0,0,0
117100,26000.0,-91100.0,387,-91100.0,0,0,0
117100,32400.0,-84700.0,387,-84700.0,0,0,0
117100,31800.0,-85300.0,387,-85300.0,0,0,0
117100,33200.0,-83900.0,387,-84550.0,0,0,0
117100,40787.0,-76313.0,387,-76363.0,0,0,0
117100,49730.0,-67370.0,387,-79900.0,0,0,0
117100,30400.0,-86700.0,387,-86700.0,0,0,0
117100,36400.0,-80700.0,387,-81550.0,0,0,0
117100,87699.0,-29401.0,387,-69700.0,0,0,1
117100,47800.0,-69300.0,387,-69300.0,0,0,0
117100,53830.0,-63270.0,387,-63270.0,0,0,0
117100,32000.0,-85100.0,387,-85100.0,0,0,0
117100,48664.0,-68436.0,387,-68436.0,0,0,0
117100,42200.0,-74900.0,387,-74900.0,0,0,0
117100,26400.0,-90700.0,387,-90700.0,0,0,0
117100,31400.0,-85700.0,387,-85700.0,0,0,0
117100,31000.0,-86100.0,387,-86100.0,0,0,0
117100,32400.0,-84700.0,387,-84700.0,0,0,0
117100,36600.0,-80500.0,387,-80500.0,0,0,0
117100,36600.0,-80500.0,387,-80500.0,0,0,0
117100,35400.0,-81700.0,387,-81700.0,0,0,0
117100,43000.0,-74100.0,387,-74100.0,0,0,0
117100,32000.0,-85100.0,387,-85150.0,0,0,0
117100,34200.0,-82900.0,387,-83350.0,0,0,0
117100,43400.0,-73700.0,387,-73700.0,0,0,0
117100,29400.0,-87700.0,387,-87700.0,0,0,0
117100,42800.0,-74300.0,387,-74350.0,0,0,0
117100,31600.0,-85500.0,387,-85500.0,0,0,0
117100,38200.0,-78900.0,387,-78900.0,0,0,0
117100,33800.0,-83300.0,387,-83300.0,0,0,0
117100,32600.0,-84500.0,387,-84750.0,0,0,0
117100,33000.0,-84100.0,387,-84100.0,0,0,0
117100,41200.0,-75900.0,387,-75900.0,0,0,0
117100,32400.0,-84700.0,387,-84750.0,0,0,0
117100,28800.0,-88300.0,387,-88500.0,0,0,0
117100,27000.0,-90100.0,387,-90100.0,0,0,0
117100,31000.0,-86100.0,387,-86100.0,0,0,0
117100,52574.0,-64526.0,387,-64526.0,0,0,0
117100,48499.0,-68601.0,387,-68651.0,0,0,0
117100,24000.0,-93100.0,387,-93300.0,0,0,0
117100,38400.0,-78700.0,387,-78900.0,0,0,0
117100,36800.0,-80300.0,387,-80300.0,0,0,0
117100,40600.0,-76500.0,387,-76500.0,0,0,0
117100,35000.0,-82100.0,387,-82100.0,0,0,0
117100,40600.0,-76500.0,387,-76500.0,0,0,0
117100,29800.0,-87300.0,387,-87300.0,0,0,0
117100,43400.0,-73700.0,387,-74300.0,0,0,0
117100,36600.0,-80500.0,387,-80500.0,0,0,0
117100,39400.0,-77700.0,387,-77700.0,0,0,0
117100,35600.0,-81500.0,387,-81500.0,0,0,0
117100,34600.0,-82500.0,387,-82500.0,0,0,0
117100,84801.0,-32299.0,387,-32299.0,0,0,1
117100,31400.0,-85700.0,387,-85700.0,0,0,0
117100,29200.0,-87900.0,387,-88150.0,0,0,0
117100,36800.0,-80300.0,387,-80350.0,0,0,0
117100,30400.0,-86700.0,387,-86700.0,0,0,0
117100,38000.0,-79100.0,387,-79100.0,0,0,0
117100,47729.0,-69371.0,387,-69371.0,0,0,0
117100,101298.0,-15802.0,387,-15802.0,0,0,1
117100,32800.0,-84300.0,387,-84300.0,0,0,0
117100,49321.0,-67779.0,387,-67779.0,0,0,0
117100,28200.0,-88900.0,387,-88900.0,0,0,0
117100,48209.0,-68891.0,387,-68891.0,0,0,0
117100,37400.0,-79700.0,387,-79700.0,0,0,0
117100,25800.0,-91300.0,387,-91500.0,0,0,0
117100,33800.0,-83300.0,387,-83300.0,0,0,0
117100,38200.0,-78900.0,387,-78900.0,0,0,0
117100,41400.0,-75700.0,387,-75700.0,0,0,0
117100,33800.0,-83300.0,387,-83300.0,0,0,0
117100,32600.0,-84500.0,387,-84500.0,0,0,0
117100,34600.0,-82500.0,387,-82500.0,0,0,0
117100,32200.0,-84900.0,387,-84900.0,0,0,0
117100,35200.0,-81900.0,387,-81900.0,0,0,0
117100,39000.0,-78100.0,387,-78100.0,0,0,0
117100,42648.0,-74452.0,387,-74502.0,0,0,0
117100,25600.0,-91500.0,387,-91500.0,0,0,0
117100,34400.0,-82700.0,387,-82700.0,0,0,0
117100,28800.0,-88300.0,387,-88300.0,0,0,0
117100,35800.0,-81300.0,387,-81300.0,0,0,0
117100,100865.0,-16235.0,387,-28148.0,0,0,1
117100,36800.0,-80300.0,387,-81150.0,0,0,0
117100,35800.0,-81300.0,387,-81300.0,0,0,0
117100,37800.0,-79300.0,387,-79350.0,0,0,0
117100,38800.0,-78300.0,387,-78300.0,0,0,0
117100,39600.0,-77500.0,387,-77500.0,0,0,0
117100,37600.0,-79500.0,387,-79500.0,0,0,0
117100,32400.0,-84700.0,387,-84700.0,0,0,0
117100,31000.0,-86100.0,387,-86100.0,0,0,0
117100,31400.0,-85700.0,387,-85700.0,0,0,0
117100,26800.0,-90300.0,387,-90300.0,0,0,0
117100,30800.0,-86300.0,387,-86300.0,0,0,0
117100,32200.0,-84900.0,387,-84900.0,0,0,0
117100,36400.0,-80700.0,387,-80700.0,0,0,0
117100,37800.0,-79300.0,387,-79350.0,0,0,0
117100,31800.0,-85300.0,387,-85300.0,0,0,0
117100,90922.0,-26178.0,387,-73450.0,0,0,1
117100,31600.0,-85500.0,387,-86100.0,0,0,0
117100,36800.0,-80300.0,387,-80300.0,0,0,0
117100,26200.0,-90900.0,387,-90900.0,0,0,0
117100,32200.0,-84900.0,387,-84900.0,0,0,0
117100,42865.0,-74235.0,387,-74235.0,0,0,0
117100,118166.0,1066.0,387,-58500.0,0,0,1
117100,89980.0,-27120.0,387,-85350.0,0,0,1
117100,38200.0,-78900.0,387,-78900.0,0,0,0
117100,33800.0,-83300.0,387,-83300.0,0,0,0
117100,28600.0,-88500.0,387,-88500.0,0,0,0
117100,31200.0,-85900.0,387,-85900.0,0,0,0
117100,44509.0,-72591.0,387,-72591.0,0,0,0
117100,29400.0,-87700.0,387,-87700.0,0,0,0
117100,35200.0,-81900.0,387,-81900.0,0,0,0
117100,37400.0,-79700.0,387,-79700.0,0,0,0
117100,30800.0,-86300.0,387,-86300.0,0,0,0
117100,37200.0,-79900.0,387,-79900.0,0,0,0
117100,37400.0,-79700.0,387,-79700.0,0,0,0
117100,25600.0,-91500.0,387,-91500.0,0,0,0
117100,31000.0,-86100.0,387,-86200.0,0,0,0
117100,35200.0,-81900.0,387,-81900.0,0,0,0
117100,26800.0,-90300.0,387,-90650.0,0,0,0
117100,51224.0,-65876.0,387,-65876.0,0,0,0
117100,32600.0,-84500.0,387,-84500.0,0,0,0
117100,34200.0,-82900.0,387,-82900.0,0,0,0
117100,30000.0,-87100.0,387,-87100.0,0,0,0
117100,32800.0,-84300.0,387,-84300.0,0,0,0
117100,31800.0,-85300.0,387,-85300.0,0,0,0
117100,33400.0,-83700.0,387,-83700.0,0,0,0
117100,46000.0,-71100.0,387,-71100.0,0,0,0
117100,31600.0,-85500.0,387,-85500.0,0,0,0
117100,35400.0,-81700.0,387,-81700.0,0,0,0
117100,29200.0,-87900.0,387,-87900.0,0,0,0
117100,33600.0,-83500.0,387,-84350.0,0,0,0
117100,32800.0,-84300.0,387,-84300.0,0,0,0
117100,36200.0,-80900.0,387,-80900.0,0,0,0
117100,31000.0,-86100.0,387,-86100.0,0,0,0
117100,32000.0,-85100.0,387,-85300.0,0,0,0
117100,35200.0,-81900.0,387,-81900.0,0,0,0
117100,36000.0,-81100.0,387,-81100.0,0,0,0
117100,34800.0,-82300.0,387,-82300.0,0,0,0
117100,31200.0,-85900.0,387,-85900.0,0,0,0
117100,38600.0,-78500.0,387,-78500.0,0,0,0
117100,31000.0,-86100.0,387,-86150.0,0,0,0
117100,37000.0,-80100.0,387,-80100.0,0,0,0
117100,34800.0,-82300.0,387,-82300.0,0,0,0
117100,35200.0,-81900.0,387,-81900.0,0,0,0
117100,34800.0,-82300.0,387,-82300.0,0,0,0
117100,40800.0,-76300.0,387,-76300.0,0,0,0
117100,29200.0,-87900.0,387,-87900.0,0,0,0
117100,29000.0,-88100.0,387,-88100.0,0,0,0
117100,28800.0,-88300.0,387,-88300.0,0,0,0
117100,91539.0,-25561.0,387,-67150.0,0,0,1
117100,25800.0,-91300.0,387,-91500.0,0,0,0
117100,36200.0,-80900.0,387,-80900.0,0,0,0
117100,88216.0,-28884.0,387,-42100.0,0,0,1
117100,35800.0,-81300.0,387,-81900.0,0,0,0
117100,29200.0,-87900.0,387,-87900.0,0,0,0
117100,31000.0,-86100.0,387,-86100.0,0,0,0
117100,36600.0,-80500.0,387,-80500.0,0,0,0
117100,30400.0,-86700.0,387,-86700.0,0,0,0
117100,36400.0,-80700.0,387,-80700.0,0,0,0
117100,35200.0,-81900.0,387,-81950.0,0,0,0
117100,34000.0,-83100.0,387,-83100.0,0,0,0
117100,25600.0,-91500.0,387,-91500.0,0,0,0
117100,39800.0,-77300.0,387,-77300.0,0,0,0
117100,29200.0,-87900.0,387,-87900.0,0,0,0
117100,48329.0,-68771.0,387,-77150.0,0,0,0
117100,34000.0,-83100.0,387,-83300.0,0,0,0
117100,68819.0,-48281.0,387,-82250.0,0,0,1
117100,35000.0,-82100.0,387,-82100.0,0,0,0
117100,39000.0,-78100.0,387,-78100.0,0,0,0
117100,31600.0,-85500.0,387,-85500.0,0,0,0
117100,75520.0,-41580.0,387,-44050.0,0,0,1
117100,36400.0,-80700.0,387,-80750.0,0,0,0
117100,32600.0,-84500.0,387,-84500.0,0,0,0
117100,36200.0,-80900.0,387,-80900.0,0,0,0
117100,28600.0,-88500.0,387,-88500.0,0,0,0
117100,26200.0,-90900.0,387,-90900.0,0,0,0
117100,34600.0,-82500.0,387,-82500.0,0,0,0
117100,51263.0,-65837.0,387,-71400.0,0,0,0
117100,34600.0,-82500.0,387,-82500.0,0,0,0
117100,32800.0,-84300.0,387,-84300.0,0,0,0
117100,25800.0,-91300.0,387,-91300.0,0,0,0
117100,33600.0,-83500.0,387,-83500.0,0,0,0
117100,33800.0,-83300.0,387,-83300.0,0,0,0
117100,39200.0,-77900.0,387,-78350.0,0,0,0
117100,32800.0,-84300.0,387,-84300.0,0,0,0
117100,33400.0,-83700.0,387,-83700.0,0,0,0
117100,33600.0,-83500.0,387,-83500.0,0,0,0
117100,39600.0,-77500.0,387,-77500.0,0,0,0
117100,37200.0,-79900.0,387,-79900.0,0,0,0
117100,38200.0,-78900.0,387,-78900.0,0,0,0
117100,27800.0,-89300.0,387,-89300.0,0,0,0
117100,41400.0,-75700.0,387,-77100.0,0,0,0
117100,38000.0,-79100.0,387,-79100.0,0,0,0
117100,65602.0,-51498.0,387,-51498.0,0,0,0
117100,32800.0,-84300.0,387,-84300.0,0,0,0
117100,32000.0,-85100.0,387,-85100.0,0,0,0
117100,30200.0,-86900.0,387,-86900.0,0,0,0
117100,29800.0,-87300.0,387,-87750.0,0,0,0
117100,30800.0,-86300.0,387,-86300.0,0,0,0
117100,47697.0,-69403.0,387,-69403.0,0,0,0
117100,28600.0,-88500.0,387,-88500.0,0,0,0
117100,34600.0,-82500.0,387,-82850.0,0,0,0
117100,42000.0,-75100.0,387,-75150.0,0,0,0
117100,34400.0,-82700.0,387,-82700.0,0,0,0
117100,31200.0,-85900.0,387,-85950.0,0,0,0
117100,33800.0,-83300.0,387,-83300.0,0,0,0
117100,40200.0,-76900.0,387,-76950.0,0,0,0
117100,35600.0,-81500.0,387,-81500.0,0,0,0
117100,90496.0,-26604.0,387,-44750.0,0,0,1
117100,45190.0,-71910.0,387,-71910.0,0,0,0
117100,40200.0,-76900.0,387,-76900.0,0,0,0
117100,37600.0,-79500.0,387,-79500.0,0,0,0
117100,31600.0,-85500.0,387,-85500.0,0,0,0
117100,33400.0,-83700.0,387,-83700.0,0,0,0
117100,36600.0,-80500.0,387,-80500.0,0,0,0
117100,40800.0,-76300.0,387,-76300.0,0,0,0
117100,46344.0,-70756.0,387,-70756.0,0,0,0
117100,40600.0,-76500.0,387,-76500.0,0,0,0
117100,33400.0,-83700.0,387,-83700.0,0,0,0
117100,46200.0,-70900.0,387,-70900.0,0,0,0
117100,44018.0,-73082.0,387,-73082.0,0,0,0
117100,37600.0,-79500.0,387,-79850.0,0,0,0
117100,28600.0,-88500.0,387,-88500.0,0,0,0
117100,32600.0,-84500.0,387,-84500.0,0,0,0
117100,39400.0,-77700.0,387,-78050.0,0,0,0
117100,36600.0,-80500.0,387,-80500.0,0,0,0
117100,58125.0,-58975.0,387,-58975.0,0,0,0
117100,44400.0,-72700.0,387,-72900.0,0,0,0
117100,29400.0,-87700.0,387,-87700.0,0,0,0
117100,38200.0,-78900.0,387,-78900.0,0,0,0
117100,40000.0,-77100.0,387,-77100.0,0,0,0
117100,35600.0,-81500.0,387,-81500.0,0,0,0
117100,34800.0,-82300.0,387,-82300.0,0,0,0
117100,31400.0,-85700.0,387,-85700.0,0,0,0
117100,32200.0,-84900.0,387,-84900.0,0,0,0
117100,36400.0,-80700.0,387,-80900.0,0,0,0
117100,32000.0,-85100.0,387,-85150.0,0,0,0
117100,29200.0,-87900.0,387,-87900.0,0,0,0
117100,33200.0,-83900.0,387,-83900.0,0,0,0
117100,36000.0,-81100.0,387,-81100.0,0,0,0
117100,39000.0,-78100.0,387,-78100.0,0,0,0
117100,32600.0,-84500.0,387,-84500.0,0,0,0
117100,39400.0,-77700.0,387,-77700.0,0,0,0
117100,43845.0,-73255.0,387,-78450.0,0,0,0
117100,32200.0,-84900.0,387,-85100.0,0,0,0
117100,41820.0,-75280.0,387,-75280.0,0,0,0
117100,32200.0,-84900.0,387,-84900.0,0,0,0
117100,33800.0,-83300.0,387,-83850.0,0,0,0
117100,37800.0,-79300.0,387,-79300.0,0,0,0
117100,57564.0,-59536.0,387,-59736.0,0,0,0
117100,28200.0,-88900.0,387,-88900.0,0,0,0
117100,37200.0,-79900.0,387,-79900.0,0,0,0
117100,29000.0,-88100.0,387,-88100.0,0,0,0
117100,27200.0,-89900.0,387,-89900.0,0,0,0
117100,30600.0,-86500.0,387,-86500.0,0,0,0
117100,37600.0,-79500.0,387,-79500.0,0,0,0
117100,33800.0,-83300.0,387,-83300.0,0,0,0
117100,34800.0,-82300.0,387,-82300.0,0,0,0
117100,38800.0,-78300.0,387,-78300.0,0,0,0
117100,30400.0,-86700.0,387,-86700.0,0,0,0
117100,43000.0,-74100.0,387,-74100.0,0,0,0
117100,33400.0,-83700.0,387,-83700.0,0,0,0
117100,36200.0,-80900.0,387,-80900.0,0,0,0
117100,54067.0,-63033.0,387,-63233.0,0,0,0
117100,38000.0,-79100.0,387,-79100.0,0,0,0
117100,32400.0,-84700.0,387,-84700.0,0,0,0
