total_prize_real,net_profit_real,max_drawdown,hit_6_1,hit_6_0,hit_5_1,hit_5_0,hit_4_1,hit_4_0,hit_3_1,hit_3_0,hit_2_1,hit_1_1
175200.0,-651000.0,-651000,0,0,0,1,3,25,32,280,187,450
159100.0,-667100.0,-667100,0,0,0,0,3,19,40,265,209,476
176100.0,-650100.0,-650100,0,0,0,1,4,14,34,275,203,472
151400.0,-674800.0,-674800,0,0,0,0,2,22,36,259,198,459
169600.0,-656600.0,-656600,0,0,0,1,4,19,33,252,163,474
157100.0,-669100.0,-669100,0,0,0,0,4,18,37,258,196,469
198500.0,-627700.0,-627700,0,0,0,2,2,21,45,262,198,499
216400.0,-609800.0,-609800,0,0,0,3,3,19,33,239,230,461
161600.0,-664600.0,-664600,0,0,0,0,4,16,48,286,210,430
201000.0,-625200.0,-625200,0,0,0,2,3,26,31,281,200,477
157500.0,-668700.0,-668700,0,0,0,0,3,20,42,282,207,431
144300.0,-681900.0,-681900,0,0,0,0,1,15,46,255,199,446
149700.0,-676500.0,-676500,0,0,0,0,1,26,26,257,206,476
205600.0,-620600.0,-620600,0,0,0,2,6,25,32,260,183,462
148400.0,-677800.0,-677800,0,0,0,0,4,18,34,255,168,453
168400.0,-657800.0,-657800,0,0,0,0,4,28,36,287,201,467
145100.0,-681100.0,-681100,0,0,0,0,2,19,37,256,194,427
305900.0,-520300.0,-520300,0,0,1,0,3,17,41,290,213,423
155400.0,-670800.0,-670800,0,0,0,0,2,25,41,256,205,444
162900.0,-663300.0,-663300,0,0,0,1,2,18,24,268,204,433
182500.0,-643700.0,-643700,0,0,0,1,4,20,43,289,193,458
144300.0,-681900.0,-681900,0,0,0,0,1,19,32,262,196,469
150500.0,-675700.0,-675700,0,0,0,0,1,22,45,248,198,465
300500.0,-525700.0,-525700,0,0,1,0,3,19,37,233,216,420
157600.0,-668600.0,-668600,0,0,0,0,4,14,33,280,215,462
170100.0,-656100.0,-656100,0,0,0,1,2,18,50,237,205,430
152200.0,-674000.0,-674000,0,0,0,0,1,24,34,275,204,471
162600.0,-663600.0,-663600,0,0,0,0,2,31,42,232,219,460
162200.0,-664000.0,-664000,0,0,0,1,1,11,34,275,229,425
177900.0,-648300.0,-648300,0,0,0,1,3,23,44,261,190,458
347300.0,-478900.0,-559000,0,0,1,2,3,22,33,283,208,446
338600.0,-487600.0,-532400,0,0,1,1,5,21,51,232,211,460
142800.0,-683400.0,-683400,0,0,0,0,0,25,36,276,182,444
162600.0,-663600.0,-663600,0,0,0,0,4,25,35,270,193,470
167000.0,-659200.0,-659200,0,0,0,1,2,17,37,255,204,443
147500.0,-678700.0,-678700,0,0,0,0,3,14,30,273,197,456
144600.0,-681600.0,-681600,0,0,0,0,3,15,20,260,194,478
149200.0,-677000.0,-677000,0,0,0,0,5,15,30,264,185,418
190200.0,-636000.0,-636000,0,0,0,2,2,21,37,259,201,445
174100.0,-652100.0,-652100,0,0,0,1,4,19,40,245,198,428
171700.0,-654500.0,-654500,0,0,0,1,2,12,38,277,225,462
159200.0,-667000.0,-667000,0,0,0,0,2,25,41,261,209,469
163700.0,-662500.0,-662500,0,0,0,1,2,15,32,267,196,450
312000.0,-514200.0,-514200,0,0,1,0,4,21,43,256,206,452
157600.0,-668600.0,-668600,0,0,0,0,3,16,46,258,216,454
181000.0,-645200.0,-645200,0,0,0,1,3,28,36,259,198,467
160800.0,-665400.0,-665400,0,0,0,0,4,18,53,282,188,434
165500.0,-660700.0,-660700,0,0,0,1,2,12,40,246,203,467
164600.0,-661600.0,-661600,0,0,0,0,5,23,38,247,216,431
135500.0,-690700.0,-690700,0,0,0,0,1,10,32,265,192,458
170700.0,-655500.0,-655500,0,0,0,0,7,22,34,274,200,441
156300.0,-669900.0,-669900,0,0,0,0,3,22,37,266,200,453
151100.0,-675100.0,-675100,0,0,0,0,3,17,34,275,197,450
146500.0,-679700.0,-679700,0,0,0,0,2,18,39,264,192,437
136000.0,-690200.0,-690200,0,0,0,0,1,13,26,273,205,429
182900.0,-643300.0,-643300,0,0,0,1,6,17,37,277,186,456
162300.0,-663900.0,-663900,0,0,0,0,5,20,32,265,211,448
146400.0,-679800.0,-679800,0,0,0,0,3,12,25,275,213,447
144900.0,-681300.0,-681300,0,0,0,0,3,17,35,239,195,424
192900.0,-633300.0,-633300,0,0,0,2,2,21,38,252,198,481
156800.0,-669400.0,-669400,0,0,0,0,2,25,40,291,184,469
173600.0,-652600.0,-652600,0,0,0,1,3,16,42,232,225,438
175800.0,-650400.0,-650400,0,0,0,1,4,23,39,264,187,420
148600.0,-677600.0,-677600,0,0,0,0,2,20,30,271,184,487
146100.0,-680100.0,-680100,0,0,0,0,2,20,30,257,201,442
153600.0,-672600.0,-672600,0,0,0,0,3,22,31,254,192,478
156400.0,-669800.0,-669800,0,0,0,0,5,17,33,254,198,446
148300.0,-677900.0,-677900,0,0,0,0,2,21,32,230,196,485
165100.0,-661100.0,-661100,0,0,0,1,1,19,35,287,186,460
167800.0,-658400.0,-658400,0,0,0,1,2,17,32,260,200,474
173500.0,-652700.0,-652700,0,0,0,1,4,19,38,254,187,443
190200.0,-636000.0,-636000,0,0,0,2,3,21,36,248,189,444
151800.0,-674400.0,-674400,0,0,0,0,3,13,43,257,214,437
162500.0,-663700.0,-663700,0,0,0,0,6,20,39,263,190,426
167300.0,-658900.0,-658900,0,0,0,1,1,22,30,259,219,440
161800.0,-664400.0,-664400,0,0,0,1,1,13,45,290,173,458
141100.0,-685100.0,-685100,0,0,0,0,2,12,39,252,160,507
174500.0,-651700.0,-667300,0,0,0,1,3,23,29,233,198,496
174900.0,-651300.0,-651300,0,0,0,1,3,15,50,256,201,451
169300.0,-656900.0,-656900,0,0,0,1,1,25,29,269,220,428
169900.0,-656300.0,-657800,0,0,0,0,4,32,40,250,208,457
166400.0,-659800.0,-659800,0,0,0,0,3,34,36,272,206,444
312300.0,-513900.0,-652300,0,0,1,0,4,21,34,257,217,468
172500.0,-653700.0,-653700,0,0,0,0,6,29,46,248,197,427
147000.0,-679200.0,-679200,0,0,0,0,2,18,33,248,208,450
161100.0,-665100.0,-665100,0,0,0,1,0,21,30,269,192,470
157700.0,-668500.0,-668500,0,0,0,0,2,26,45,244,204,457
173800.0,-652400.0,-652400,0,0,0,1,3,20,28,256,202,486
175600.0,-650600.0,-650600,0,0,0,1,4,15,36,264,217,434
161200.0,-665000.0,-665000,0,0,0,0,4,19,51,235,221,419
176400.0,-649800.0,-649800,0,0,0,1,1,24,37,271,232,449
155900.0,-670300.0,-670300,0,0,0,0,3,29,33,239,184,468
172500.0,-653700.0,-653700,0,0,0,1,2,20,30,269,232,432
162300.0,-663900.0,-663900,0,0,0,0,5,20,39,284,181,461
150900.0,-675300.0,-675300,0,0,0,0,1,24,39,275,192,462
154800.0,-671400.0,-671400,0,0,0,1,0,16,31,257,191,457
145900.0,-680300.0,-680300,0,0,0,0,1,17,39,253,202,470
154600.0,-671600.0,-671600,0,0,0,0,2,9,41,296,234,466
312700.0,-513500.0,-513500,0,0,1,0,4,23,37,269,212,442
146300.0,-679900.0,-679900,0,0,0,0,2,19,43,245,177,460
176800.0,-649400.0,-649400,0,0,0,1,4,21,31,248,199,470
185300.0,-640900.0,-640900,0,0,0,2,2,17,31,247,196,474
180800.0,-645400.0,-645400,0,0,0,1,5,18,44,268,188,444
205700.0,-620500.0,-620500,0,0,0,2,4,21,41,248,210,497
152100.0,-674100.0,-674100,0,0,0,1,1,12,29,263,176,454
155700.0,-670500.0,-670500,0,0,0,0,2,26,44,254,201,437
149900.0,-676300.0,-676300,0,0,0,0,2,17,34,260,226,435
165700.0,-660500.0,-660500,0,0,0,0,4,19,49,246,222,459
163400.0,-662800.0,-662800,0,0,0,0,4,23,40,248,215,452
151900.0,-674300.0,-674300,0,0,0,0,4,14,25,311,203,430
151900.0,-674300.0,-674300,0,0,0,0,2,19,34,254,224,449
148100.0,-678100.0,-678100,0,0,0,0,3,15,37,244,208,433
365300.0,-460900.0,-460900,0,0,1,3,3,24,33,264,201,443
170500.0,-655700.0,-655700,0,0,0,1,2,15,35,270,232,431
138100.0,-688100.0,-688100,0,0,0,0,1,19,27,269,184,444
161900.0,-664300.0,-664300,0,0,0,0,4,26,30,273,199,460
157300.0,-668900.0,-668900,0,0,0,0,3,17,41,258,216,463
165000.0,-661200.0,-661200,0,0,0,1,1,14,37,278,207,458
194200.0,-632000.0,-632000,0,0,0,2,2,23,40,243,231,413
167800.0,-658400.0,-658400,0,0,0,1,0,30,34,261,196,449
158400.0,-667800.0,-667800,0,0,0,0,3,21,42,276,205,442
148400.0,-677800.0,-677800,0,0,0,0,4,16,25,267,193,443
169000.0,-657200.0,-657200,0,0,0,0,6,21,32,274,223,434
149100.0,-677100.0,-677100,0,0,0,0,3,18,35,236,200,451
160400.0,-665800.0,-665800,0,0,0,0,2,26,39,269,218,455
164300.0,-661900.0,-661900,0,0,0,1,3,15,27,241,195,464
195900.0,-630300.0,-630300,0,0,0,2,2,25,40,258,200,461
179300.0,-646900.0,-646900,0,0,0,1,3,27,43,246,186,467
161600.0,-664600.0,-664600,0,0,0,0,3,26,35,263,212,461
151400.0,-674800.0,-674800,0,0,0,0,2,29,25,270,184,464
150500.0,-675700.0,-675700,0,0,0,0,3,19,32,228,214,449
149600.0,-676600.0,-676600,0,0,0,0,3,14,36,269,198,455
185100.0,-641100.0,-650500,0,0,0,1,4,27,43,251,196,460
136500.0,-689700.0,-689700,0,0,0,0,0,15,33,266,208,431
168900.0,-657300.0,-657300,0,0,0,0,6,26,38,266,192,439
147600.0,-678600.0,-678600,0,0,0,0,1,25,22,252,220,456
153100.0,-673100.0,-673100,0,0,0,0,1,23,41,274,209,451
147900.0,-678300.0,-678300,0,0,0,0,2,19,31,254,203,463
147200.0,-679000.0,-679000,0,0,0,0,1,21,38,264,200,448
146200.0,-680000.0,-680000,0,0,0,0,3,20,27,252,196,430
152400.0,-673800.0,-673800,0,0,0,0,2,26,32,261,209,429
181900.0,-644300.0,-644300,0,0,0,1,3,22,42,243,227,458
185700.0,-640500.0,-640500,0,0,0,1,6,21,34,258,205,445
167700.0,-658500.0,-658500,0,0,0,1,1,27,24,253,211,450
214600.0,-611600.0,-611600,0,0,0,3,4,14,44,263,200,435
146200.0,-680000.0,-680000,0,0,0,0,2,22,31,283,176,447
170000.0,-656200.0,-656200,0,0,0,0,6,21,36,258,207,476
151700.0,-674500.0,-674500,0,0,0,0,1,22,39,242,220,463
147200.0,-679000.0,-679000,0,0,0,0,3,14,36,254,195,452
155500.0,-670700.0,-670700,0,0,0,0,3,18,43,258,210,441
145200.0,-681000.0,-681000,0,0,0,0,1,21,36,281,185,449
154100.0,-672100.0,-672100,0,0,0,0,2,24,36,268,210,437
157600.0,-668600.0,-668600,0,0,0,0,2,31,41,244,190,460
301600.0,-524600.0,-524600,0,0,1,0,2,19,38,261,202,467
169900.0,-656300.0,-656300,0,0,0,1,2,14,29,283,218,472
156200.0,-670000.0,-670000,0,0,0,0,3,23,35,272,196,454
154600.0,-671600.0,-672700,0,0,0,0,6,17,34,237,175,447
139400.0,-686800.0,-686800,0,0,0,0,1,15,44,233,182,461
143600.0,-682600.0,-682600,0,0,0,0,0,23,37,246,199,460
151800.0,-674400.0,-674400,0,0,0,0,2,18,37,286,201,458
164000.0,-662200.0,-662200,0,0,0,1,1,20,38,232,205,446
200400.0,-625800.0,-625800,0,0,0,2,4,19,39,272,205,454
178500.0,-647700.0,-647700,0,0,0,1,5,18,43,271,188,422
173000.0,-653200.0,-653200,0,0,0,1,1,27,43,262,198,444
153500.0,-672700.0,-672700,0,0,0,0,1,25,33,287,227,422
162700.0,-663500.0,-663500,0,0,0,0,6,22,29,255,197,446
174900.0,-651300.0,-651300,0,0,0,1,1,27,45,232,230,421
188100.0,-638100.0,-638100,0,0,0,2,2,19,42,246,191,453
149900.0,-676300.0,-676300,0,0,0,0,2,17,30,255,225,458
173000.0,-653200.0,-653200,0,0,0,0,7,18,45,249,220,437
142200.0,-684000.0,-684000,0,0,0,0,2,15,30,273,184,461
142700.0,-683500.0,-683500,0,0,0,0,2,17,28,255,198,448
184800.0,-641400.0,-641400,0,0,0,1,7,16,42,242,209,412
316800.0,-509400.0,-509400,0,0,1,0,6,18,34,288,204,452
154600.0,-671600.0,-671600,0,0,0,0,2,19,48,274,199,450
323800.0,-502400.0,-502400,0,0,1,1,3,20,39,264,189,460
186700.0,-639500.0,-639500,0,0,0,2,1,18,30,266,208,481
167300.0,-658900.0,-658900,0,0,0,0,5,18,45,270,222,435
159600.0,-666600.0,-666600,0,0,0,0,3,24,44,245,204,455
169400.0,-656800.0,-656800,0,0,0,1,3,23,28,241,179,479
144900.0,-681300.0,-681300,0,0,0,0,1,19,33,262,203,457
152700.0,-673500.0,-673500,0,0,0,0,2,20,44,266,198,449
147000.0,-679200.0,-679200,0,0,0,0,2,19,35,263,201,433
295100.0,-531100.0,-531100,0,0,1,0,1,20,36,268,185,469
192400.0,-633800.0,-633800,0,0,0,2,3,16,37,270,188,482
148000.0,-678200.0,-678200,0,0,0,0,1,21,32,266,215,448
151000.0,-675200.0,-675200,0,0,0,0,1,24,44,275,194,439
155000.0,-671200.0,-671200,0,0,0,0,4,18,40,263,186,451
315900.0,-510300.0,-510300,0,0,1,0,4,27,30,298,203,459
147400.0,-678800.0,-678800,0,0,0,0,2,20,43,237,199,427
153400.0,-672800.0,-672800,0,0,0,0,2,24,35,259,200,463
329000.0,-497200.0,-497200,0,0,1,1,4,19,39,247,222,431
155800.0,-670400.0,-670400,0,0,0,0,2,18,35,275,226,467
147000.0,-679200.0,-679200,0,0,0,0,3,17,24,270,202,444
157300.0,-668900.0,-670000,0,0,0,0,3,23,46,275,183,444
152900.0,-673300.0,-673300,0,0,0,0,2,18,39,276,221,431
149400.0,-676800.0,-676800,0,0,0,0,3,18,31,260,184,478
146300.0,-679900.0,-679900,0,0,0,0,2,14,30,295,199,458
160700.0,-665500.0,-665500,0,0,0,0,3,30,37,231,204,460
171300.0,-654900.0,-654900,0,0,0,1,2,19,44,263,191,460
152800.0,-673400.0,-673400,0,0,0,0,4,21,31,259,195,427
165800.0,-660400.0,-662800,0,0,0,1,2,19,37,281,183,431
146800.0,-679400.0,-679400,0,0,0,0,1,20,35,275,202,449
204100.0,-622100.0,-622100,0,0,0,2,4,21,49,254,198,467
170600.0,-655600.0,-655600,0,0,0,1,3,22,30,265,189,447
167500.0,-658700.0,-658700,0,0,0,1,4,19,33,248,158,467
184800.0,-641400.0,-644400,0,0,0,1,7,15,37,258,197,448
185000.0,-641200.0,-641200,0,0,0,2,2,25,23,255,185,453
153200.0,-673000.0,-673000,0,0,0,0,3,24,33,238,219,412
187400.0,-638800.0,-638800,0,0,0,2,1,19,37,265,206,457
209600.0,-616600.0,-616600,0,0,0,2,5,25,36,253,218,463
181900.0,-644300.0,-644300,0,0,0,1,6,14,43,266,203,423
148900.0,-677300.0,-677300,0,0,0,0,1,21,33,276,206,461
170400.0,-655800.0,-655800,0,0,0,0,6,30,31,270,195,440
149400.0,-676800.0,-676800,0,0,0,0,2,20,49,287,154,463
360600.0,-465600.0,-466300,0,0,1,3,1,17,37,275,225,457
162600.0,-663600.0,-663600,0,0,0,1,1,17,36,280,188,450
146900.0,-679300.0,-679300,0,0,0,0,2,15,41,283,185,452
156300.0,-669900.0,-669900,0,0,0,0,2,20,51,245,215,444
137300.0,-688900.0,-688900,0,0,0,0,1,17,24,274,194,439
151100.0,-675100.0,-675100,0,0,0,0,3,18,35,245,213,436
142100.0,-684100.0,-684100,0,0,0,0,1,18,43,243,189,444
177700.0,-648500.0,-648500,0,0,0,2,0,21,37,254,176,455
148400.0,-677800.0,-677800,0,0,0,0,1,18,30,257,229,465
316200.0,-510000.0,-618700,0,0,1,0,4,24,49,258,199,458
143900.0,-682300.0,-682300,0,0,0,0,1,19,38,243,208,436
154700.0,-671500.0,-671500,0,0,0,0,4,15,33,280,197,461
179600.0,-646600.0,-646600,0,0,0,1,3,29,38,243,199,451
209300.0,-616900.0,-616900,0,0,0,3,1,24,39,264,201,439
153900.0,-672300.0,-672300,0,0,0,0,2,26,44,254,181,459
150400.0,-675800.0,-675800,0,0,0,0,2,17,35,268,198,484
167400.0,-658800.0,-658800,0,0,0,1,1,17,39,263,214,451
170200.0,-656000.0,-656000,0,0,0,1,4,15,26,270,208,432
172300.0,-653900.0,-653900,0,0,0,1,5,12,32,254,187,471
171500.0,-654700.0,-654700,0,0,0,1,1,15,42,268,223,473
319100.0,-507100.0,-583200,0,0,1,1,2,20,35,250,202,457
171400.0,-654800.0,-656200,0,0,0,1,4,17,29,224,216,446
163200.0,-663000.0,-663000,0,0,0,1,0,20,37,262,205,452
167000.0,-659200.0,-659200,0,0,0,1,3,16,40,250,180,452
161300.0,-664900.0,-664900,0,0,0,1,0,17,39,257,204,456
143900.0,-682300.0,-682300,0,0,0,0,0,23,35,257,195,468
168500.0,-657700.0,-657700,0,0,0,1,3,23,28,252,183,451
181600.0,-644600.0,-644600,0,0,0,1,4,29,29,260,203,442
151700.0,-674500.0,-674500,0,0,0,0,2,20,41,245,206,456
195200.0,-631000.0,-631000,0,0,0,2,2,24,39,260,200,464
145400.0,-680800.0,-680800,0,0,0,0,1,19,25,258,214,476
163400.0,-662800.0,-662800,0,0,0,0,4,23,43,259,208,443
149800.0,-676400.0,-676400,0,0,0,0,3,21,30,232,201,456
154700.0,-671500.0,-671500,0,0,0,0,3,18,37,255,203,474
148800.0,-677400.0,-677400,0,0,0,0,1,16,39,236,227,474
149500.0,-676700.0,-676700,0,0,0,0,2,18,41,266,186,469
162500.0,-663700.0,-663700,0,0,0,1,2,14,34,274,195,433
333700.0,-492500.0,-604500,0,0,1,1,6,17,34,249,216,444
335000.0,-491200.0,-580100,0,0,1,1,6,18,39,261,212,425
169500.0,-656700.0,-656700,0,0,0,1,1,18,41,270,201,475
160600.0,-665600.0,-665600,0,0,0,0,6,18,34,222,193,478
161200.0,-665000.0,-665000,0,0,0,0,4,22,41,238,216,442
148200.0,-678000.0,-678000,0,0,0,0,2,24,32,264,178,462
156000.0,-670200.0,-670200,0,0,0,0,3,21,43,254,186,474
150400.0,-675800.0,-675800,0,0,0,0,4,15,30,254,188,474
154200.0,-672000.0,-672000,0,0,0,0,1,26,46,259,198,455
151000.0,-675200.0,-675200,0,0,0,0,1,26,40,250,194,464
152000.0,-674200.0,-674200,0,0,0,0,1,18,48,291,193,467
163500.0,-662700.0,-662700,0,0,0,0,7,14,38,256,199,437
154400.0,-671800.0,-671800,0,0,0,0,4,16,38,250,205,444
156400.0,-669800.0,-669800,0,0,0,0,3,25,34,267,202,437
300500.0,-525700.0,-525700,0,0,1,0,3,15,30,259,214,458
157700.0,-668500.0,-668500,0,0,0,0,3,24,28,280,215,443
146600.0,-679600.0,-679600,0,0,0,0,2,20,31,280,184,454
144100.0,-682100.0,-682100,0,0,0,0,0,16,46,238,220,451
172000.0,-654200.0,-654200,0,0,0,1,4,17,31,255,200,445
158600.0,-667600.0,-667600,0,0,0,0,3,24,38,241,216,449
142700.0,-683500.0,-683500,0,0,0,0,2,17,39,246,189,431
161700.0,-664500.0,-664500,0,0,0,0,6,13,39,268,197,455
160200.0,-666000.0,-666000,0,0,0,0,5,16,39,229,237,415
180900.0,-645300.0,-645300,0,0,0,1,3,25,37,235,225,456
151300.0,-674900.0,-674900,0,0,0,0,3,16,36,240,217,447
169800.0,-656400.0,-656400,0,0,0,1,1,22,33,281,214,441
152200.0,-674000.0,-674000,0,0,0,0,1,24,45,247,189,485
159100.0,-667100.0,-667100,0,0,0,0,3,21,42,272,193,477
188800.0,-637400.0,-637400,0,0,0,1,5,22,40,266,218,450
154400.0,-671800.0,-671800,0,0,0,0,4,18,45,245,192,431
152300.0,-673900.0,-673900,0,0,0,0,3,11,42,254,227,439
154100.0,-672100.0,-672100,0,0,0,0,4,16,28,270,215,441
161200.0,-665000.0,-665000,0,0,0,0,3,21,53,273,198,443
181500.0,-644700.0,-662300,0,0,0,1,3,30,32,253,197,480
174100.0,-652100.0,-652100,0,0,0,1,3,17,41,256,214,437
148700.0,-677500.0,-677500,0,0,0,0,2,20,33,255,206,448
170600.0,-655600.0,-655600,0,0,0,1,1,19,38,271,219,453
151600.0,-674600.0,-674600,0,0,0,0,2,20,33,281,190,483
146000.0,-680200.0,-680200,0,0,0,0,1,19,41,263,193,455
169300.0,-656900.0,-656900,0,0,0,1,1,17,53,276,186,457
163500.0,-662700.0,-662700,0,0,0,0,4,22,43,249,209,460
163100.0,-663100.0,-663100,0,0,0,0,4,17,34,277,215,492
169800.0,-656400.0,-656400,0,0,0,1,2,16,41,258,203,462
139400.0,-686800.0,-686800,0,0,0,0,0,21,36,231,216,419
173700.0,-652500.0,-652500,0,0,0,1,4,14,38,263,212,426
154900.0,-671300.0,-671300,0,0,0,0,4,15,35,261,213,442
222800.0,-603400.0,-603400,0,0,0,4,1,17,41,260,196,436
162500.0,-663700.0,-663700,0,0,0,0,5,21,40,243,218,418
157600.0,-668600.0,-668600,0,0,0,0,5,16,42,251,195,439
159400.0,-666800.0,-666800,0,0,0,0,5,22,30,287,186,439
175400.0,-650800.0,-650800,0,0,0,1,3,25,29,235,214,455
178500.0,-647700.0,-647700,0,0,0,1,5,20,39,222,196,455
161900.0,-664300.0,-664300,0,0,0,1,0,21,34,270,183,479
162900.0,-663300.0,-663300,0,0,0,1,0,23,28,256,213,451
154900.0,-671300.0,-671300,0,0,0,0,3,19,39,273,205,438
164900.0,-661300.0,-661300,0,0,0,1,1,18,37,259,196,466
159600.0,-666600.0,-666600,0,0,0,0,3,26,36,275,201,447
161900.0,-664300.0,-664300,0,0,0,0,2,23,52,247,217,466
190900.0,-635300.0,-635300,0,0,0,1,7,22,30,285,190,468
149900.0,-676300.0,-676300,0,0,0,0,0,19,36,257,210,526
159700.0,-666500.0,-666500,0,0,0,0,2,27,41,260,204,469
154000.0,-672200.0,-672200,0,0,0,0,2,24,46,258,186,454
154900.0,-671300.0,-671300,0,0,0,0,2,21,42,298,192,451
151200.0,-675000.0,-675000,0,0,0,0,1,21,50,257,193,461
197900.0,-628300.0,-628300,0,0,0,1,6,21,41,272,221,493
146300.0,-679900.0,-679900,0,0,0,0,2,22,37,269,165,460
150900.0,-675300.0,-675300,0,0,0,0,3,22,29,263,191,452
161900.0,-664300.0,-664300,0,0,0,0,4,19,39,272,217,445
154300.0,-671900.0,-671900,0,0,0,0,3,17,32,279,210,460
157600.0,-668600.0,-668600,0,0,0,0,2,19,47,266,230,430
148300.0,-677900.0,-677900,0,0,0,0,2,16,43,240,208,447
165600.0,-660600.0,-660600,0,0,0,1,2,12,36,286,193,464
155300.0,-670900.0,-670900,0,0,0,0,2,24,43,252,205,447
195100.0,-631100.0,-631100,0,0,0,2,4,18,32,261,209,440
171100.0,-655100.0,-655100,0,0,0,0,5,28,39,259,195,482
138100.0,-688100.0,-688100,0,0,0,0,0,16,38,254,191,465
171800.0,-654400.0,-655800,0,0,0,1,2,21,40,277,198,437
327600.0,-498600.0,-582100,0,0,1,1,6,14,35,243,200,441
159500.0,-666700.0,-666700,0,0,0,0,5,18,46,226,181,479
179600.0,-646600.0,-646600,0,0,0,2,1,9,43,252,201,458
179700.0,-646500.0,-646500,0,0,0,2,1,12,33,262,208,451
151100.0,-675100.0,-675100,0,0,0,0,2,17,38,258,212,461
151300.0,-674900.0,-674900,0,0,0,0,4,13,34,232,222,437
172500.0,-653700.0,-653700,0,0,0,1,3,18,34,256,197,475
146500.0,-679700.0,-679700,0,0,0,0,2,17,28,249,213,462
169900.0,-656300.0,-656300,0,0,0,0,4,28,37,283,220,444
191300.0,-634900.0,-634900,0,0,0,2,2,20,35,253,212,456
162800.0,-663400.0,-663400,0,0,0,1,0,20,29,258,225,444
165400.0,-660800.0,-660800,0,0,0,1,1,18,28,275,211,461
143300.0,-682900.0,-682900,0,0,0,0,1,21,30,252,195,463
141100.0,-685100.0,-685100,0,0,0,0,1,18,36,264,178,463
150700.0,-675500.0,-675500,0,0,0,0,3,21,34,263,188,444
176300.0,-649900.0,-649900,0,0,0,1,4,18,39,236,210,447
174400.0,-651800.0,-651800,0,0,0,2,1,15,26,236,203,438
141000.0,-685200.0,-685200,0,0,0,0,1,9,36,283,188,495
311700.0,-514500.0,-514500,0,0,1,0,4,22,41,264,204,445
145400.0,-680800.0,-680800,0,0,0,0,1,21,34,260,191,468
173200.0,-653000.0,-653000,0,0,0,1,3,20,33,271,198,453
154700.0,-671500.0,-671500,0,0,0,0,2,23,40,267,210,436
143500.0,-682700.0,-682700,0,0,0,0,1,25,29,263,192,432
173900.0,-652300.0,-652300,0,0,0,1,3,20,45,239,196,448
149500.0,-676700.0,-676700,0,0,0,0,3,17,37,249,195,452
153100.0,-673100.0,-673100,0,0,0,0,3,17,38,252,202,467
144900.0,-681300.0,-681300,0,0,0,0,1,23,32,253,206,432
154700.0,-671500.0,-671500,0,0,0,0,3,22,36,240,205,457
167600.0,-658600.0,-658600,0,0,0,1,1,21,39,259,202,449
183800.0,-642400.0,-642400,0,0,0,1,5,20,43,280,190,446
147000.0,-679200.0,-679200,0,0,0,0,3,13,35,257,206,437
152200.0,-674000.0,-674000,0,0,0,0,1,21,43,280,201,460
189300.0,-636900.0,-636900,0,0,0,1,6,23,34,254,206,467
314800.0,-511400.0,-511400,0,0,1,1,2,11,39,302,185,452
184200.0,-642000.0,-642000,0,0,0,1,5,18,36,259,211,473
174800.0,-651400.0,-651400,0,0,0,1,3,22,39,262,206,422
149600.0,-676600.0,-676600,0,0,0,0,2,23,38,238,191,460
157800.0,-668400.0,-668400,0,0,0,0,3,21,28,253,229,467
172000.0,-654200.0,-654200,0,0,0,1,3,15,46,266,207,416
143300.0,-682900.0,-682900,0,0,0,0,0,18,39,281,201,450
166700.0,-659500.0,-659500,0,0,0,1,2,23,31,248,188,455
140500.0,-685700.0,-685700,0,0,0,0,1,12,47,252,201,427
152400.0,-673800.0,-673800,0,0,0,0,3,17,35,299,202,425
180200.0,-646000.0,-646000,0,0,0,1,6,20,41,237,172,457
146500.0,-679700.0,-679700,0,0,0,0,1,19,42,259,188,470
163800.0,-662400.0,-662400,0,0,0,0,4,18,45,267,215,457
150200.0,-676000.0,-676000,0,0,0,0,3,25,33,238,195,422
191500.0,-634700.0,-634700,0,0,0,2,2,18,36,257,213,464
185100.0,-641100.0,-641100,0,0,0,1,4,26,33,304,209,429
190300.0,-635900.0,-635900,0,0,0,2,2,24,35,235,199,458
152400.0,-673800.0,-673800,0,0,0,0,3,25,33,271,193,415
201900.0,-624300.0,-624300,0,0,0,2,4,21,43,245,206,462
158600.0,-667600.0,-667600,0,0,0,0,4,24,37,232,193,468
145200.0,-681000.0,-681000,0,0,0,0,0,17,40,276,209,462
152900.0,-673300.0,-673300,0,0,0,0,3,23,33,268,167,491
161300.0,-664900.0,-664900,0,0,0,0,3,27,30,257,221,458
155900.0,-670300.0,-670300,0,0,0,0,5,13,32,223,217,470
321900.0,-504300.0,-504300,0,0,1,1,2,18,40,245,232,426
174200.0,-652000.0,-652000,0,0,0,1,3,21,39,236,194,474
173800.0,-652400.0,-652400,0,0,0,0,7,20,32,259,220,471
156900.0,-669300.0,-669300,0,0,0,0,1,29,40,247,220,450
152300.0,-673900.0,-673900,0,0,0,0,2,22,35,264,203,457
149400.0,-676800.0,-676800,0,0,0,0,1,25,39,246,204,444
202600.0,-623600.0,-623600,0,0,0,2,4,24,38,266,194,468
151800.0,-674400.0,-674400,0,0,0,0,2,22,33,262,196,476
323600.0,-502600.0,-502600,0,0,1,1,2,21,40,270,208,442
162400.0,-663800.0,-663800,0,0,0,0,3,21,39,266,237,440
167000.0,-659200.0,-659200,0,0,0,0,5,28,36,234,207,454
173000.0,-653200.0,-653200,0,0,0,1,5,15,35,244,195,436
148700.0,-677500.0,-677500,0,0,0,0,2,19,28,253,221,448
148000.0,-678200.0,-678200,0,0,0,0,2,23,30,253,207,429
153500.0,-672700.0,-672700,0,0,0,0,4,19,29,256,207,437
167600.0,-658600.0,-658600,0,0,0,0,5,28,37,265,192,455
168100.0,-658100.0,-658100,0,0,0,1,1,22,41,249,200,452
174300.0,-651900.0,-651900,0,0,0,1,2,18,39,255,227,454
161200.0,-665000.0,-665000,0,0,0,0,5,19,32,256,206,464
147600.0,-678600.0,-678600,0,0,0,0,1,22,51,252,178,448
157000.0,-669200.0,-669200,0,0,0,0,4,18,35,265,195,471
146200.0,-680000.0,-680000,0,0,0,0,1,17,40,262,202,460
203100.0,-623100.0,-623100,0,0,0,3,2,19,39,234,194,421
138100.0,-688100.0,-688100,0,0,0,0,1,14,37,230,197,457
151500.0,-674700.0,-674700,0,0,0,0,4,12,35,266,200,453
187700.0,-638500.0,-648500,0,0,0,2,1,21,33,257,212,456
149600.0,-676600.0,-676600,0,0,0,0,1,18,39,285,206,459
153100.0,-673100.0,-673100,0,0,0,0,2,25,39,256,195,449
158100.0,-668100.0,-668100,0,0,0,0,3,18,43,285,200,460
181900.0,-644300.0,-661600,0,0,0,1,5,23,34,281,170,478
303000.0,-523200.0,-564100,0,0,1,0,3,20,44,238,184,468
138900.0,-687300.0,-687300,0,0,0,0,2,16,32,256,188,421
158800.0,-667400.0,-667400,0,0,0,0,4,19,42,284,181,462
159900.0,-666300.0,-667700,0,0,0,0,4,26,35,252,202,435
155300.0,-670900.0,-670900,0,0,0,0,2,26,28,263,209,472
184100.0,-642100.0,-642100,0,0,0,2,1,17,40,249,202,452
178200.0,-648000.0,-648000,0,0,0,1,3,20,36,256,218,466
166400.0,-659800.0,-659800,0,0,0,1,3,15,38,249,188,447
157100.0,-669100.0,-669100,0,0,0,0,4,15,45,244,217,433
298400.0,-527800.0,-544600,0,0,1,0,3,18,27,265,197,453
162400.0,-663800.0,-663800,0,0,0,0,3,26,40,270,227,412
143300.0,-682900.0,-682900,0,0,0,0,2,17,32,233,219,418
174700.0,-651500.0,-651500,0,0,0,1,3,15,34,264,227,453
134800.0,-691400.0,-691400,0,0,0,0,1,17,25,238,198,438
162800.0,-663400.0,-663400,0,0,0,0,6,19,42,238,191,448
149800.0,-676400.0,-676400,0,0,0,0,2,17,33,238,218,476
163700.0,-662500.0,-662500,0,0,0,0,4,28,38,267,192,450
149100.0,-677100.0,-677100,0,0,0,0,1,24,38,259,201,446
157200.0,-669000.0,-669000,0,0,0,0,3,21,39,265,216,431
149100.0,-677100.0,-677100,0,0,0,0,3,16,43,256,180,455
142200.0,-684000.0,-684000,0,0,0,0,1,23,32,263,192,423
169100.0,-657100.0,-657100,0,0,0,1,3,19,30,244,200,455
170200.0,-656000.0,-656000,0,0,0,1,2,15,48,252,202,454
155300.0,-670900.0,-670900,0,0,0,0,3,20,35,230,214,475
153900.0,-672300.0,-672300,0,0,0,0,2,17,36,282,214,469
2453097.0,1626897.0,-304200,0,1,0,0,3,16,31,227,203,469
169700.0,-656500.0,-656500,0,0,0,0,7,16,39,259,203,468
179200.0,-647000.0,-647000,0,0,0,1,4,18,35,257,200,491
193700.0,-632500.0,-632500,0,0,0,2,4,15,33,271,193,468
145400.0,-680800.0,-680800,0,0,0,0,1,16,44,250,193,474
148700.0,-677500.0,-677500,0,0,0,0,3,18,31,259,199,442
205800.0,-620400.0,-620400,0,0,0,3,3,12,37,259,199,437
291200.0,-535000.0,-535000,0,0,1,0,1,13,39,270,196,450
175400.0,-650800.0,-658500,0,0,0,1,2,21,42,272,207,452
148900.0,-677300.0,-677300,0,0,0,0,1,20,34,274,207,465
169300.0,-656900.0,-656900,0,0,0,1,3,23,32,276,170,445
146200.0,-680000.0,-680000,0,0,0,0,0,19,44,269,207,451
147000.0,-679200.0,-679200,0,0,0,0,2,22,38,258,190,424
142800.0,-683400.0,-683400,0,0,0,0,2,13,32,259,199,459
171500.0,-654700.0,-654700,0,0,0,1,3,18,37,255,184,480
170000.0,-656200.0,-656200,0,0,0,1,2,24,39,246,180,466
149500.0,-676700.0,-676700,0,0,0,0,1,27,37,243,205,438
306500.0,-519700.0,-519700,0,0,1,1,1,12,25,276,196,461
162600.0,-663600.0,-663600,0,0,0,1,1,21,38,249,185,447
160100.0,-666100.0,-666100,0,0,0,1,1,15,39,263,197,428
168800.0,-657400.0,-657400,0,0,0,1,1,24,30,282,205,444
198500.0,-627700.0,-627700,0,0,0,2,5,21,31,253,194,452
179500.0,-646700.0,-646700,0,0,0,1,2,29,37,269,208,450
175200.0,-651000.0,-651000,0,0,0,1,4,24,36,244,181,450
186000.0,-640200.0,-640200,0,0,0,2,2,19,29,257,197,461
149300.0,-676900.0,-676900,0,0,0,0,1,19,44,243,213,456
164300.0,-661900.0,-661900,0,0,0,0,5,20,31,277,222,438
171400.0,-654800.0,-654800,0,0,0,1,2,18,38,269,213,443
147200.0,-679000.0,-679000,0,0,0,0,1,21,34,241,215,457
189600.0,-636600.0,-636600,0,0,0,1,4,33,49,260,193,430
198900.0,-627300.0,-627300,0,0,0,2,4,20,31,305,197,446
160900.0,-665300.0,-665300,0,0,0,0,4,21,38,255,206,462
150600.0,-675600.0,-675600,0,0,0,0,3,22,34,254,185,450
158500.0,-667700.0,-667700,0,0,0,0,3,21,53,251,198,438
157600.0,-668600.0,-668600,0,0,0,0,3,17,49,259,207,451
180900.0,-645300.0,-645300,0,0,0,1,3,28,36,301,200,420
167600.0,-658600.0,-658600,0,0,0,1,1,19,40,270,205,444
145500.0,-680700.0,-680700,0,0,0,0,1,20,33,257,196,474
153300.0,-672900.0,-672900,0,0,0,0,1,19,42,267,227,452
139200.0,-687000.0,-687000,0,0,0,0,1,22,29,256,180,444
146200.0,-680000.0,-680000,0,0,0,0,1,24,34,256,200,438
165000.0,-661200.0,-661200,0,0,0,0,4,28,42,258,203,434
155500.0,-670700.0,-670700,0,0,0,0,4,22,27,242,219,431
153400.0,-672800.0,-672800,0,0,0,0,4,16,20,292,190,494
148900.0,-677300.0,-677300,0,0,0,0,0,23,37,278,203,473
163500.0,-662700.0,-662700,0,0,0,0,6,18,34,257,209,440
169700.0,-656500.0,-656500,0,0,0,1,2,24,30,237,214,440
316500.0,-509700.0,-509700,0,0,1,1,0,24,42,275,195,440
148000.0,-678200.0,-678200,0,0,0,0,2,18,31,259,191,491
153500.0,-672700.0,-672700,0,0,0,0,4,18,36,265,185,452
175000.0,-651200.0,-651200,0,0,0,1,3,21,34,248,206,466
304700.0,-521500.0,-550200,0,0,1,0,2,24,39,251,203,462
186000.0,-640200.0,-640200,0,0,0,2,0,20,37,258,222,450
159200.0,-667000.0,-667000,0,0,0,0,4,21,36,262,201,456
181500.0,-644700.0,-644700,0,0,0,1,5,22,35,244,196,463
165100.0,-661100.0,-661100,0,0,0,1,2,13,40,259,208,432
298200.0,-528000.0,-528000,0,0,1,0,2,25,30,247,195,445
189900.0,-636300.0,-636300,0,0,0,1,6,21,42,254,214,441
151300.0,-674900.0,-674900,0,0,0,0,2,18,39,266,196,475
166300.0,-659900.0,-659900,0,0,0,0,4,23,39,254,238,433
206400.0,-619800.0,-619800,0,0,0,3,2,12,49,272,204,412
200400.0,-625800.0,-625800,0,0,0,2,2,22,42,276,222,460
223800.0,-602400.0,-602400,0,0,0,3,4,29,31,251,207,457
189000.0,-637200.0,-637200,0,0,0,2,2,18,39,258,200,452
158700.0,-667500.0,-667500,0,0,0,0,3,26,34,249,202,470
145800.0,-680400.0,-680400,0,0,0,0,1,26,30,261,187,455
154600.0,-671600.0,-671600,0,0,0,0,3,22,33,277,197,447
148000.0,-678200.0,-678200,0,0,0,0,2,23,38,254,176,458
153300.0,-672900.0,-672900,0,0,0,0,3,20,34,271,198,450
170400.0,-655800.0,-655800,0,0,0,1,2,22,45,242,207,412
163300.0,-662900.0,-662900,0,0,0,0,3,22,43,280,208,469
158100.0,-668100.0,-668100,0,0,0,0,3,25,33,265,202,460
167000.0,-659200.0,-659200,0,0,0,1,1,17,31,252,217,484
146800.0,-679400.0,-679400,0,0,0,0,2,17,29,270,214,438
170500.0,-655700.0,-655700,0,0,0,1,3,14,43,256,184,477
141000.0,-685200.0,-685200,0,0,0,0,2,11,34,241,204,457
141600.0,-684600.0,-684600,0,0,0,0,0,17,40,258,207,448
173400.0,-652800.0,-663900,0,0,0,1,2,17,41,283,206,459
155700.0,-670500.0,-670500,0,0,0,0,2,24,28,270,215,473
166300.0,-659900.0,-659900,0,0,0,1,0,26,28,274,214,441
146300.0,-679900.0,-679900,0,0,0,0,2,14,35,264,198,471
191600.0,-634600.0,-634600,0,0,0,2,2,21,42,249,206,439
160100.0,-666100.0,-666100,0,0,0,0,3,21,50,259,199,456
163900.0,-662300.0,-662300,0,0,0,1,2,9,32,263,204,488
170400.0,-655800.0,-655800,0,0,0,0,4,28,44,250,210,474
155400.0,-670800.0,-672900,0,0,0,0,3,17,40,254,216,452
176700.0,-649500.0,-649500,0,0,0,1,4,15,38,271,188,488
173700.0,-652500.0,-652500,0,0,0,1,2,22,30,281,207,466
154000.0,-672200.0,-672200,0,0,0,0,5,14,35,233,197,461
193100.0,-633100.0,-633100,0,0,0,2,2,19,44,280,205,433
177500.0,-648700.0,-648700,0,0,0,1,2,23,39,260,227,441
179500.0,-646700.0,-646700,0,0,0,1,4,15,36,260,203,505
169800.0,-656400.0,-656400,0,0,0,1,1,22,42,230,223,438
185400.0,-640800.0,-640800,0,0,0,2,2,17,35,245,202,449
140500.0,-685700.0,-685700,0,0,0,0,0,18,33,264,209,447
159400.0,-666800.0,-666800,0,0,0,0,4,26,40,217,185,479
159600.0,-666600.0,-666600,0,0,0,0,4,23,41,269,203,413
144100.0,-682100.0,-682100,0,0,0,0,0,15,37,241,232,468
302100.0,-524100.0,-524100,0,0,1,0,3,16,39,269,216,416
168300.0,-657900.0,-657900,0,0,0,0,5,24,39,272,186,491
141200.0,-685000.0,-685000,0,0,0,0,0,19,39,262,198,446
185500.0,-640700.0,-640700,0,0,0,1,6,16,33,276,207,465
159700.0,-666500.0,-666500,0,0,0,0,5,20,34,260,197,447
141300.0,-684900.0,-684900,0,0,0,0,1,12,42,260,199,451
173700.0,-652500.0,-652500,0,0,0,1,3,23,30,269,193,458
148500.0,-677700.0,-677700,0,0,0,0,2,10,45,280,192,481
177900.0,-648300.0,-648300,0,0,0,1,3,20,45,276,195,453
177900.0,-648300.0,-648300,0,0,0,1,4,19,33,247,220,448
149500.0,-676700.0,-676700,0,0,0,0,4,10,37,275,192,448
137800.0,-688400.0,-688400,0,0,0,0,1,22,33,229,171,459
151300.0,-674900.0,-674900,0,0,0,0,2,25,42,261,176,452
160300.0,-665900.0,-665900,0,0,0,0,5,16,38,260,208,447
167200.0,-659000.0,-659000,0,0,0,1,3,22,24,235,210,425
141500.0,-684700.0,-684700,0,0,0,0,0,25,41,256,176,443
159800.0,-666400.0,-666400,0,0,0,0,5,18,39,253,188,469
148300.0,-677900.0,-677900,0,0,0,0,1,23,38,262,193,459
152300.0,-673900.0,-673900,0,0,0,0,1,22,43,275,204,452
187500.0,-638700.0,-638700,0,0,0,2,3,13,39,270,197,431
137000.0,-689200.0,-689200,0,0,0,0,0,15,41,271,187,441
191900.0,-634300.0,-634300,0,0,0,2,3,21,37,254,199,431
153200.0,-673000.0,-673000,0,0,0,0,4,12,44,279,185,451
176000.0,-650200.0,-650200,0,0,0,1,5,14,44,242,198,434
169100.0,-657100.0,-657100,0,0,0,1,2,17,31,266,213,459
178300.0,-647900.0,-647900,0,0,0,1,4,20,43,282,172,465
338600.0,-487600.0,-511700,0,0,1,2,2,13,39,257,222,445
159000.0,-667200.0,-670200,0,0,0,0,4,17,43,244,226,426
157000.0,-669200.0,-669200,0,0,0,0,5,15,32,272,199,452
179900.0,-646300.0,-646300,0,0,0,1,2,18,47,297,214,462
168000.0,-658200.0,-658200,0,0,0,1,1,16,37,289,208,459
197600.0,-628600.0,-628600,0,0,0,2,3,19,40,238,236,434
163700.0,-662500.0,-662500,0,0,0,0,3,23,51,266,202,459
177500.0,-648700.0,-648700,0,0,0,1,5,16,40,279,195,418
159600.0,-666600.0,-666600,0,0,0,0,4,20,35,281,187,481
162000.0,-664200.0,-664200,0,0,0,1,1,24,22,258,212,418
174400.0,-651800.0,-651800,0,0,0,1,2,27,41,282,190,422
155100.0,-671100.0,-671100,0,0,0,0,3,21,38,263,208,432
159500.0,-666700.0,-666700,0,0,0,0,3,20,46,250,200,481
145500.0,-680700.0,-680700,0,0,0,0,1,19,39,257,190,470
292400.0,-533800.0,-533800,0,0,1,0,1,20,37,263,183,447
166000.0,-660200.0,-660200,0,0,0,0,2,30,39,269,227,461
302700.0,-523500.0,-523500,0,0,1,0,3,21,31,256,213,433
163600.0,-662600.0,-662600,0,0,0,0,4,20,41,267,220,445
171000.0,-655200.0,-655200,0,0,0,1,4,15,31,282,196,432
177200.0,-649000.0,-649000,0,0,0,1,5,22,32,240,196,436
150900.0,-675300.0,-675300,0,0,0,0,2,17,43,256,213,439
148400.0,-677800.0,-677800,0,0,0,0,2,13,42,267,191,483
138900.0,-687300.0,-687300,0,0,0,0,0,18,39,263,192,442
340900.0,-485300.0,-485300,0,0,1,2,4,14,30,270,193,461
167900.0,-658300.0,-658300,0,0,0,1,0,25,43,247,202,456
154200.0,-672000.0,-672000,0,0,0,0,5,16,39,253,187,431
149900.0,-676300.0,-676300,0,0,0,0,2,16,42,263,210,440
175200.0,-651000.0,-651000,0,0,0,1,3,16,35,284,203,474
137200.0,-689000.0,-689000,0,0,0,0,1,15,37,237,183,461
167000.0,-659200.0,-659200,0,0,0,1,2,20,32,251,219,413
159800.0,-666400.0,-666400,0,0,0,0,3,24,49,238,196,460
150100.0,-676100.0,-676100,0,0,0,0,2,21,33,268,199,455
159000.0,-667200.0,-667200,0,0,0,0,2,22,45,266,210,468
297800.0,-528400.0,-528400,0,0,1,0,0,24,47,256,205,432
171500.0,-654700.0,-654700,0,0,0,1,2,17,37,258,233,427
175900.0,-650300.0,-650300,0,0,0,1,1,27,46,246,211,451
158200.0,-668000.0,-668000,0,0,0,0,4,18,39,254,203,462
147100.0,-679100.0,-679100,0,0,0,0,2,18,29,260,207,457
157100.0,-669100.0,-669100,0,0,0,0,4,18,40,250,209,439
163500.0,-662700.0,-662700,0,0,0,0,7,18,36,244,200,423
147900.0,-678300.0,-678300,0,0,0,0,2,19,40,236,211,429
187400.0,-638800.0,-638800,0,0,0,2,2,12,42,286,206,432
147800.0,-678400.0,-678400,0,0,0,0,2,20,26,255,219,441
192100.0,-634100.0,-651500,0,0,0,2,3,19,29,246,221,445
163500.0,-662700.0,-662700,0,0,0,1,1,22,26,263,197,458
320100.0,-506100.0,-506100,0,0,1,1,3,17,37,248,200,449
163400.0,-662800.0,-662800,0,0,0,0,4,27,38,256,203,444
177600.0,-648600.0,-650000,0,0,0,1,4,12,35,273,233,441
143600.0,-682600.0,-682600,0,0,0,0,0,22,37,265,202,443
171200.0,-655000.0,-655000,0,0,0,0,3,28,44,260,241,450
149900.0,-676300.0,-676300,0,0,0,0,2,18,43,271,198,436
201100.0,-625100.0,-625100,0,0,0,2,4,20,40,236,220,455
155100.0,-671100.0,-671100,0,0,0,0,3,17,45,255,222,416
138000.0,-688200.0,-688200,0,0,0,0,1,16,41,251,184,429
143100.0,-683100.0,-683100,0,0,0,0,0,19,36,262,211,451
200800.0,-625400.0,-625400,0,0,0,1,9,22,34,267,211,447
143700.0,-682500.0,-682500,0,0,0,0,1,18,42,269,194,428
183300.0,-642900.0,-642900,0,0,0,1,4,22,55,261,197,422
2447291.0,1621091.0,-557200,0,1,0,1,2,23,33,250,205,448
158300.0,-667900.0,-667900,0,0,0,0,2,26,42,278,206,437
147300.0,-678900.0,-678900,0,0,0,0,3,16,45,240,182,441
161300.0,-664900.0,-664900,0,0,0,0,6,16,34,261,197,454
191400.0,-634800.0,-634800,0,0,0,2,1,19,42,284,209,452
234700.0,-591500.0,-591500,0,0,0,4,5,17,30,241,210,430
161100.0,-665100.0,-665100,0,0,0,0,3,21,38,279,215,462
156400.0,-669800.0,-669800,0,0,0,0,3,17,38,273,225,433
310700.0,-515500.0,-515500,0,0,1,1,2,11,41,252,203,417
159300.0,-666900.0,-666900,0,0,0,0,3,24,35,266,215,445
169800.0,-656400.0,-656400,0,0,0,1,3,17,35,260,186,470
143900.0,-682300.0,-682300,0,0,0,0,3,11,29,265,194,462
308700.0,-517500.0,-517500,0,0,1,0,3,19,42,272,202,471
156200.0,-670000.0,-670000,0,0,0,0,3,29,34,262,177,458
163100.0,-663100.0,-663100,0,0,0,0,4,25,30,271,214,452
153000.0,-673200.0,-673200,0,0,0,0,2,14,41,267,206,495
178900.0,-647300.0,-647300,0,0,0,1,4,24,44,250,189,433
151200.0,-675000.0,-675000,0,0,0,0,5,13,32,278,193,416
168100.0,-658100.0,-658100,0,0,0,0,4,25,32,265,221,486
169500.0,-656700.0,-656700,0,0,0,1,1,16,49,270,211,439
146500.0,-679700.0,-679700,0,0,0,0,2,14,40,271,191,460
146000.0,-680200.0,-680200,0,0,0,0,1,24,41,243,190,441
177000.0,-649200.0,-649200,0,0,0,1,5,15,31,265,199,463
182300.0,-643900.0,-643900,0,0,0,1,4,22,43,244,210,451
342300.0,-483900.0,-498200,0,0,1,2,2,23,37,274,188,461
176600.0,-649600.0,-649600,0,0,0,1,4,19,38,261,186,469
156800.0,-669400.0,-669400,0,0,0,0,3,17,35,255,225,467
157500.0,-668700.0,-668700,0,0,0,0,2,24,43,265,210,446
155400.0,-670800.0,-670800,0,0,0,0,3,15,45,285,209,431
143700.0,-682500.0,-682500,0,0,0,0,1,12,36,267,226,438
178900.0,-647300.0,-647300,0,0,0,1,4,19,38,261,213,438
168100.0,-658100.0,-658100,0,0,0,0,5,19,49,272,210,441
160000.0,-666200.0,-666200,0,0,0,0,4,18,37,276,204,464
169100.0,-657100.0,-657100,0,0,0,1,2,18,39,254,201,455
194900.0,-631300.0,-631300,0,0,0,2,1,27,44,271,209,428
172000.0,-654200.0,-654200,0,0,0,0,6,24,49,254,199,440
160700.0,-665500.0,-665500,0,0,0,1,0,12,35,294,234,409
151300.0,-674900.0,-677900,0,0,0,0,2,15,46,276,202,449
174100.0,-652100.0,-652100,0,0,0,0,7,25,37,251,215,432
156300.0,-669900.0,-669900,0,0,0,0,4,18,35,241,200,478
161400.0,-664800.0,-664800,0,0,0,0,5,21,47,246,185,442
154600.0,-671600.0,-671600,0,0,0,0,3,21,34,254,213,442
199500.0,-626700.0,-626700,0,0,0,2,4,21,47,259,190,440
186500.0,-639700.0,-639700,0,0,0,1,6,16,38,244,226,449
164400.0,-661800.0,-661800,0,0,0,1,2,15,33,286,186,454
157000.0,-669200.0,-669200,0,0,0,0,3,18,41,270,200,472
155000.0,-671200.0,-671200,0,0,0,0,1,32,44,246,180,472
157300.0,-668900.0,-668900,0,0,0,0,3,21,49,270,191,437
163500.0,-662700.0,-662700,0,0,0,1,1,18,48,228,188,455
203900.0,-622300.0,-622300,0,0,0,3,2,17,27,266,186,477
224000.0,-602200.0,-602200,0,0,0,3,4,25,39,244,213,454
160000.0,-666200.0,-666200,0,0,0,0,7,12,30,266,192,454
236600.0,-589600.0,-589600,0,0,0,3,8,18,41,245,231,431
171600.0,-654600.0,-654600,0,0,0,1,2,20,37,275,190,473
153500.0,-672700.0,-672700,0,0,0,0,3,23,39,259,183,450
160400.0,-665800.0,-665800,0,0,0,0,5,20,35,269,194,447
182700.0,-643500.0,-643500,0,0,0,1,4,21,44,290,199,435
174800.0,-651400.0,-651400,0,0,0,1,3,20,34,250,195,492
168500.0,-657700.0,-657700,0,0,0,1,1,16,47,303,198,430
141600.0,-684600.0,-684600,0,0,0,0,1,15,26,264,214,460
179600.0,-646600.0,-646600,0,0,0,1,3,23,44,240,213,450
147100.0,-679100.0,-679100,0,0,0,0,0,22,43,248,213,449
139800.0,-686400.0,-686400,0,0,0,0,0,16,42,261,194,453
306200.0,-520000.0,-639200,0,0,1,0,2,23,47,255,201,453
166200.0,-660000.0,-660000,0,0,0,0,5,22,43,266,217,414
166100.0,-660100.0,-660100,0,0,0,1,3,16,37,235,197,436
310000.0,-516200.0,-516200,0,0,1,0,3,27,32,251,205,475
166800.0,-659400.0,-659400,0,0,0,0,4,24,34,286,215,464
154400.0,-671800.0,-671800,0,0,0,0,3,21,36,259,196,461
200600.0,-625600.0,-625600,0,0,0,2,4,18,48,269,217,407
164800.0,-661400.0,-661400,0,0,0,0,6,18,33,260,230,412
165400.0,-660800.0,-660800,0,0,0,0,7,19,33,280,185,440
153700.0,-672500.0,-672500,0,0,0,0,2,28,35,273,183,454
169700.0,-656500.0,-656500,0,0,0,1,3,14,33,251,194,494
170900.0,-655300.0,-655300,0,0,0,1,3,15,26,276,203,483
158900.0,-667300.0,-667300,0,0,0,0,4,20,38,262,200,455
319200.0,-507000.0,-508500,0,0,1,1,1,19,47,258,202,450
155600.0,-670600.0,-670600,0,0,0,0,3,23,45,227,202,441
174900.0,-651300.0,-651300,0,0,0,1,4,20,24,263,206,458
143100.0,-683100.0,-683100,0,0,0,0,1,18,37,283,197,422
159600.0,-666600.0,-666600,0,0,0,0,5,17,31,254,209,464
160000.0,-666200.0,-666200,0,0,0,0,4,25,38,245,199,445
150900.0,-675300.0,-675300,0,0,0,0,2,20,29,268,207,471
147300.0,-678900.0,-680500,0,0,0,0,3,19,26,245,199,454
178500.0,-647700.0,-647700,0,0,0,1,5,19,24,262,193,489
150400.0,-675800.0,-675800,0,0,0,0,3,14,34,267,220,429
168600.0,-657600.0,-657600,0,0,0,1,2,16,36,258,204,468
155700.0,-670500.0,-670500,0,0,0,0,4,19,43,233,184,472
306100.0,-520100.0,-520100,0,0,1,0,4,24,31,243,203,436
180200.0,-646000.0,-646000,0,0,0,2,2,17,30,269,178,441
162000.0,-664200.0,-664200,0,0,0,0,5,23,37,244,187,470
170000.0,-656200.0,-656200,0,0,0,1,1,29,34,252,204,432
144100.0,-682100.0,-682100,0,0,0,0,0,17,34,316,202,449
147100.0,-679100.0,-679100,0,0,0,0,0,24,35,264,200,475
154700.0,-671500.0,-671500,0,0,0,0,2,25,33,261,211,452
150600.0,-675600.0,-675600,0,0,0,0,1,20,41,260,213,456
156900.0,-669300.0,-669300,0,0,0,0,5,15,40,222,204,459
162400.0,-663800.0,-663800,0,0,0,1,0,16,39,249,225,441
143000.0,-683200.0,-683200,0,0,0,0,3,15,23,272,190,446
149900.0,-676300.0,-676300,0,0,0,0,3,20,24,276,193,461
147000.0,-679200.0,-679200,0,0,0,0,1,18,35,251,210,475
177700.0,-648500.0,-648500,0,0,0,1,2,23,35,258,238,439
148600.0,-677600.0,-677600,0,0,0,0,2,14,32,253,236,441
160300.0,-665900.0,-665900,0,0,0,0,5,19,32,274,203,443
214200.0,-612000.0,-612000,0,0,0,3,5,10,36,234,212,460
173600.0,-652600.0,-652600,0,0,0,0,6,18,46,282,220,446
158300.0,-667900.0,-667900,0,0,0,0,4,13,45,248,211,469
185100.0,-641100.0,-641100,0,0,0,1,4,25,40,280,216,419
172400.0,-653800.0,-653800,0,0,0,1,3,19,39,253,192,459
133700.0,-692500.0,-692500,0,0,0,0,0,15,28,258,196,455
172900.0,-653300.0,-653300,0,0,0,1,1,25,39,253,199,482
168000.0,-658200.0,-658200,0,0,0,0,5,21,46,281,192,463
192100.0,-634100.0,-634100,0,0,0,2,2,17,49,238,219,433
151400.0,-674800.0,-674800,0,0,0,0,2,24,41,244,183,468
143100.0,-683100.0,-683100,0,0,0,0,1,23,30,263,187,450
165300.0,-660900.0,-660900,0,0,0,1,1,15,41,234,223,449
149900.0,-676300.0,-676300,0,0,0,0,2,18,36,259,207,458
184500.0,-641700.0,-644700,0,0,0,2,1,17,32,257,212,460
156500.0,-669700.0,-669700,0,0,0,0,4,20,36,273,188,452
172800.0,-653400.0,-653400,0,0,0,1,2,21,32,266,217,452
152200.0,-674000.0,-674000,0,0,0,1,0,15,31,255,205,413
182800.0,-643400.0,-643400,0,0,0,1,5,19,42,268,189,462
151200.0,-675000.0,-675000,0,0,0,0,3,18,32,293,193,441
158100.0,-668100.0,-668100,0,0,0,0,4,21,40,258,184,467
151400.0,-674800.0,-674800,0,0,0,0,3,20,27,256,207,456
165600.0,-660600.0,-660600,0,0,0,0,3,26,51,265,197,465
183500.0,-642700.0,-642700,0,0,0,1,3,31,34,243,220,448
147400.0,-678800.0,-678800,0,0,0,0,2,19,36,242,200,456
176400.0,-649800.0,-649800,0,0,0,1,4,15,35,255,213,463
154000.0,-672200.0,-672200,0,0,0,0,3,19,34,270,198,466
149100.0,-677100.0,-677100,0,0,0,0,2,17,32,276,209,453
156400.0,-669800.0,-669800,0,0,0,0,2,22,40,249,223,453
155100.0,-671100.0,-671100,0,0,0,0,4,19,34,228,204,467
151400.0,-674800.0,-674800,0,0,0,0,3,12,47,241,218,433
149900.0,-676300.0,-676300,0,0,0,0,2,24,25,277,186,478
152100.0,-674100.0,-674100,0,0,0,0,3,16,32,267,212,454
159100.0,-667100.0,-667100,0,0,0,0,4,24,41,211,196,472
152600.0,-673600.0,-673600,0,0,0,0,4,20,35,262,180,444
302400.0,-523800.0,-653300,0,0,1,0,3,17,34,272,213,434
169500.0,-656700.0,-656700,0,0,0,0,6,16,41,269,215,464
172800.0,-653400.0,-655800,0,0,0,1,2,16,40,269,203,485
148400.0,-677800.0,-677800,0,0,0,0,2,17,37,268,203,446
178200.0,-648000.0,-648000,0,0,0,1,4,18,39,268,213,428
152100.0,-674100.0,-674100,0,0,0,0,2,18,40,265,219,434
154900.0,-671300.0,-671300,0,0,0,0,1,28,42,258,190,479
157100.0,-669100.0,-669100,0,0,0,0,3,22,36,246,218,449
159000.0,-667200.0,-667200,0,0,0,0,3,24,42,246,205,454
152400.0,-673800.0,-673800,0,0,0,0,3,19,38,264,177,482
180200.0,-646000.0,-646000,0,0,0,0,8,25,35,248,215,464
160500.0,-665700.0,-668800,0,0,0,0,4,30,31,249,202,428
177200.0,-649000.0,-649000,0,0,0,1,4,19,38,280,185,458
149100.0,-677100.0,-677100,0,0,0,0,3,16,37,267,186,456
150000.0,-676200.0,-676200,0,0,0,0,1,20,40,247,210,473
169900.0,-656300.0,-656300,0,0,0,0,5,27,39,271,201,454
204500.0,-621700.0,-621700,0,0,0,3,2,20,33,260,188,437
160100.0,-666100.0,-666100,0,0,0,0,5,19,35,278,185,461
162100.0,-664100.0,-664100,0,0,0,0,5,17,36,276,219,427
187500.0,-638700.0,-638700,0,0,0,1,4,25,45,269,192,482
180000.0,-646200.0,-646200,0,0,0,1,3,22,52,230,207,452
312400.0,-513800.0,-529200,0,0,1,1,1,21,20,245,206,479
202500.0,-623700.0,-623700,0,0,0,2,5,15,36,260,208,485
147600.0,-678600.0,-678600,0,0,0,0,0,20,37,276,218,456
170600.0,-655600.0,-655600,0,0,0,1,3,16,33,243,206,471
145400.0,-680800.0,-680800,0,0,0,0,1,18,38,279,193,453
149100.0,-677100.0,-677100,0,0,0,0,2,16,38,278,200,453
160900.0,-665300.0,-665300,0,0,0,0,4,22,37,261,207,450
178900.0,-647300.0,-647300,0,0,0,1,4,18,38,265,207,454
159600.0,-666600.0,-666600,0,0,0,0,4,20,42,248,195,470
166400.0,-659800.0,-659800,0,0,0,0,7,21,40,262,172,450
149800.0,-676400.0,-676400,0,0,0,0,4,15,36,266,185,438
145200.0,-681000.0,-681000,0,0,0,0,1,12,42,291,200,457
147600.0,-678600.0,-678600,0,0,0,0,1,15,47,263,211,443
161600.0,-664600.0,-664600,0,0,0,0,4,20,47,257,198,455
159100.0,-667100.0,-667100,0,0,0,0,4,15,54,264,204,423
181300.0,-644900.0,-644900,0,0,0,2,0,19,48,256,182,449
180700.0,-645500.0,-653400,0,0,0,1,5,15,45,228,211,457
152100.0,-674100.0,-674100,0,0,0,0,4,18,35,239,193,452
193300.0,-632900.0,-632900,0,0,0,2,2,22,42,262,200,447
156300.0,-669900.0,-669900,0,0,0,0,3,20,40,250,202,469
298400.0,-527800.0,-527800,0,0,1,0,3,13,27,280,204,464
169200.0,-657000.0,-657000,0,0,0,1,4,10,41,258,185,460
158900.0,-667300.0,-667300,0,0,0,0,4,23,31,264,196,465
154800.0,-671400.0,-671400,0,0,0,0,4,20,34,243,183,483
137900.0,-688300.0,-688300,0,0,0,0,0,21,25,251,205,450
212400.0,-613800.0,-613800,0,0,0,3,4,13,35,238,211,460
178500.0,-647700.0,-647700,0,0,0,1,2,25,46,270,212,427
155900.0,-670300.0,-670300,0,0,0,0,3,12,52,269,212,442
346300.0,-479900.0,-479900,0,0,1,2,3,16,46,292,212,415
203800.0,-622400.0,-622400,0,0,0,3,1,15,40,262,198,460
154100.0,-672100.0,-672100,0,0,0,0,3,19,39,265,205,438
176200.0,-650000.0,-650000,0,0,0,1,5,18,41,265,182,425
207000.0,-619200.0,-619200,0,0,0,2,8,16,30,263,190,459
158900.0,-667300.0,-667300,0,0,0,0,4,23,30,247,201,476
161200.0,-665000.0,-665000,0,0,0,0,5,23,29,273,199,441
185300.0,-640900.0,-645100,0,0,0,2,1,19,39,244,204,453
185300.0,-640900.0,-640900,0,0,0,1,6,20,34,254,194,475
177800.0,-648400.0,-648400,0,0,0,1,3,23,44,263,187,461
152600.0,-673600.0,-673600,0,0,0,0,2,26,36,244,203,444
160600.0,-665600.0,-665600,0,0,0,0,5,18,38,277,188,457
174700.0,-651500.0,-651500,0,0,0,1,3,19,37,256,217,437
146400.0,-679800.0,-679800,0,0,0,0,3,15,36,240,205,430
155800.0,-670400.0,-670400,0,0,0,0,5,18,25,280,191,452
152400.0,-673800.0,-673800,0,0,0,0,3,22,40,253,178,459
182600.0,-643600.0,-643600,0,0,0,1,2,27,45,263,211,465
151700.0,-674500.0,-674500,0,0,0,0,2,21,36,256,201,467
156500.0,-669700.0,-669700,0,0,0,0,3,19,42,246,200,479
146800.0,-679400.0,-679400,0,0,0,0,1,21,36,236,220,440
152600.0,-673600.0,-673600,0,0,0,0,1,21,39,280,205,472
158100.0,-668100.0,-668100,0,0,0,0,4,20,35,268,200,453
168700.0,-657500.0,-657500,0,0,0,0,7,13,39,287,209,442
145500.0,-680700.0,-680700,0,0,0,0,2,21,29,236,219,417
296700.0,-529500.0,-557400,0,0,1,0,3,17,29,259,200,436
163500.0,-662700.0,-662700,0,0,0,0,5,19,36,268,215,441
148300.0,-677900.0,-677900,0,0,0,0,1,23,34,249,215,444
194400.0,-631800.0,-631800,0,0,0,2,3,18,48,238,204,442
157700.0,-668500.0,-668500,0,0,0,0,3,30,41,237,175,466
152500.0,-673700.0,-673700,0,0,0,0,1,28,31,272,207,451
149400.0,-676800.0,-676800,0,0,0,0,3,14,37,247,222,423
167100.0,-659100.0,-659100,0,0,0,1,4,15,35,249,186,430
153800.0,-672400.0,-672400,0,0,0,0,3,20,34,273,202,445
167500.0,-658700.0,-658700,0,0,0,1,2,19,29,285,189,464
152200.0,-674000.0,-674000,0,0,0,0,3,16,39,257,211,439
166600.0,-659600.0,-659600,0,0,0,1,2,13,44,244,211,440
304300.0,-521900.0,-521900,0,0,1,0,3,20,42,253,200,442
195500.0,-630700.0,-630700,0,0,0,2,3,25,33,266,202,433
155600.0,-670600.0,-670600,0,0,0,0,3,17,35,278,230,422
146100.0,-680100.0,-680100,0,0,0,0,1,20,31,258,217,445
152100.0,-674100.0,-674100,0,0,0,0,2,21,35,260,216,441
152500.0,-673700.0,-673700,0,0,0,0,3,16,34,246,215,465
159900.0,-666300.0,-666300,0,0,0,0,4,18,37,285,199,464
173200.0,-653000.0,-653000,0,0,0,1,1,20,50,246,219,448
149100.0,-677100.0,-677100,0,0,0,0,2,19,42,252,190,459
163400.0,-662800.0,-662800,0,0,0,1,3,17,39,246,185,406
188100.0,-638100.0,-638100,0,0,0,2,2,22,40,254,189,433
143500.0,-682700.0,-682700,0,0,0,0,2,17,34,242,203,435
163700.0,-662500.0,-662500,0,0,0,0,6,18,33,237,208,468
148100.0,-678100.0,-678100,0,0,0,0,2,15,34,282,208,447
171600.0,-654600.0,-656600,0,0,0,1,3,19,31,252,202,464
161000.0,-665200.0,-665200,0,0,0,0,5,16,36,258,204,472
177200.0,-649000.0,-649000,0,0,0,1,4,18,35,235,215,463
143700.0,-682500.0,-682500,0,0,0,0,1,15,39,240,219,443
201600.0,-624600.0,-624600,0,0,0,2,1,29,53,238,234,426
147200.0,-679000.0,-679000,0,0,0,0,2,18,30,268,204,452
153300.0,-672900.0,-672900,0,0,0,0,2,20,38,249,207,478
167800.0,-658400.0,-658400,0,0,0,1,3,12,38,247,191,481
173500.0,-652700.0,-652700,0,0,0,1,5,16,35,252,192,431
155600.0,-670600.0,-670600,0,0,0,0,4,20,33,264,185,470
188100.0,-638100.0,-638100,0,0,0,1,5,17,60,269,202,432
181000.0,-645200.0,-645200,0,0,0,1,5,25,34,255,197,425
164600.0,-661600.0,-661600,0,0,0,0,4,18,31,297,216,489
173700.0,-652500.0,-652500,0,0,0,1,2,17,49,242,219,445
174600.0,-651600.0,-651600,0,0,0,0,8,20,36,254,188,492
170200.0,-656000.0,-656000,0,0,0,1,3,21,32,241,200,445
167100.0,-659100.0,-659100,0,0,0,0,5,25,38,252,200,467
177100.0,-649100.0,-649100,0,0,0,1,2,25,47,253,218,414
170300.0,-655900.0,-655900,0,0,0,1,4,15,34,278,191,427
170900.0,-655300.0,-655300,0,0,0,1,2,22,30,235,225,448
167800.0,-658400.0,-658400,0,0,0,1,2,16,39,244,191,488
147300.0,-678900.0,-678900,0,0,0,0,3,16,28,277,197,442
184800.0,-641400.0,-641400,0,0,0,2,0,20,36,252,204,484
173900.0,-652300.0,-652300,0,0,0,1,1,25,42,264,205,457
155600.0,-670600.0,-670600,0,0,0,0,4,19,32,281,193,449
165500.0,-660700.0,-660700,0,0,0,1,2,21,31,280,178,447
172800.0,-653400.0,-653400,0,0,0,1,2,14,48,279,200,465
139000.0,-687200.0,-687200,0,0,0,0,2,20,22,250,180,452
159600.0,-666600.0,-666600,0,0,0,0,4,19,38,255,201,475
2592195.0,1765995.0,-626000,0,1,0,1,1,22,36,259,193,453
183600.0,-642600.0,-642600,0,0,0,2,1,20,37,251,191,455
137400.0,-688800.0,-688800,0,0,0,0,2,14,28,223,196,455
164200.0,-662000.0,-662000,0,0,0,0,4,25,32,278,209,458
168200.0,-658000.0,-658000,0,0,0,1,3,22,26,258,182,460
159100.0,-667100.0,-667100,0,0,0,0,3,19,37,271,208,484
180500.0,-645700.0,-645700,0,0,0,1,4,19,38,260,211,459
169900.0,-656300.0,-656300,0,0,0,0,5,28,34,253,214,458
153900.0,-672300.0,-672300,0,0,0,0,4,16,35,259,202,448
159500.0,-666700.0,-666700,0,0,0,0,2,31,32,242,232,433
150900.0,-675300.0,-675300,0,0,0,0,3,17,38,251,205,440
151600.0,-674600.0,-674600,0,0,0,0,3,15,35,259,211,455
144100.0,-682100.0,-682100,0,0,0,0,0,21,42,254,210,431
160900.0,-665300.0,-665300,0,0,0,0,3,32,33,249,196,460
151600.0,-674600.0,-674600,0,0,0,0,3,10,41,241,222,467
168500.0,-657700.0,-657700,0,0,0,1,1,25,39,272,189,439
166000.0,-660200.0,-660200,0,0,0,0,5,23,47,227,207,447
145500.0,-680700.0,-680700,0,0,0,0,2,17,36,253,183,476
160500.0,-665700.0,-665700,0,0,0,0,3,25,41,256,214,437
178000.0,-648200.0,-648200,0,0,0,1,5,18,39,247,191,451
171300.0,-654900.0,-654900,0,0,0,0,8,17,34,250,214,443
147500.0,-678700.0,-678700,0,0,0,0,2,14,43,257,201,452
143400.0,-682800.0,-682800,0,0,0,0,1,23,33,243,197,441
144900.0,-681300.0,-681300,0,0,0,0,1,18,41,272,191,447
151300.0,-674900.0,-674900,0,0,0,0,2,26,36,251,203,424
166000.0,-660200.0,-660200,0,0,0,0,4,19,38,285,215,481
150700.0,-675500.0,-675500,0,0,0,0,1,20,53,266,202,425
155100.0,-671100.0,-671100,0,0,0,0,2,20,40,252,220,459
171700.0,-654500.0,-654500,0,0,0,1,1,21,34,271,217,468
163700.0,-662500.0,-662500,0,0,0,1,1,18,41,254,201,433
152800.0,-673400.0,-673400,0,0,0,0,3,19,35,264,205,442
165100.0,-661100.0,-661100,0,0,0,1,4,8,39,234,196,445
331400.0,-494800.0,-524900,0,0,1,1,5,19,35,246,217,442
142300.0,-683900.0,-683900,0,0,0,0,1,14,38,257,208,446
167400.0,-658800.0,-658800,0,0,0,1,2,17,33,253,210,453
159000.0,-667200.0,-667200,0,0,0,0,4,20,32,263,205,469
163200.0,-663000.0,-663000,0,0,0,1,1,18,31,279,193,459
5494247.0,4668047.0,-92300,0,1,0,0,2,17,43,278,200,438
141400.0,-684800.0,-684800,0,0,0,0,0,18,45,216,191,492
151900.0,-674300.0,-674300,0,0,0,0,2,19,45,267,197,446
154900.0,-671300.0,-671300,0,0,0,0,5,18,30,252,188,457
137600.0,-688600.0,-688600,0,0,0,0,1,17,24,267,202,433
149200.0,-677000.0,-677000,0,0,0,0,2,19,37,267,202,441
167600.0,-658600.0,-658600,0,0,0,1,1,23,32,247,207,463
141400.0,-684800.0,-684800,0,0,0,0,0,13,41,237,216,477
138600.0,-687600.0,-687600,0,0,0,0,0,15,46,248,193,448
174900.0,-651300.0,-651300,0,0,0,1,2,22,43,250,200,471
168500.0,-657700.0,-657700,0,0,0,1,3,14,35,257,202,452
155400.0,-670800.0,-670800,0,0,0,0,3,20,58,240,187,428
318900.0,-507300.0,-507300,0,0,1,1,2,19,39,263,207,424
148200.0,-678000.0,-678000,0,0,0,0,1,25,33,273,194,449
160400.0,-665800.0,-665800,0,0,0,0,4,23,36,248,200,468
174500.0,-651700.0,-651700,0,0,0,0,6,23,46,273,198,468
173400.0,-652800.0,-652800,0,0,0,1,3,18,38,268,208,434
184100.0,-642100.0,-642100,0,0,0,2,0,18,39,279,210,442
169300.0,-656900.0,-656900,0,0,0,1,1,22,39,252,213,443
167100.0,-659100.0,-659100,0,0,0,0,6,23,38,255,204,432
145100.0,-681100.0,-681100,0,0,0,0,1,14,42,249,221,440
167700.0,-658500.0,-658500,0,0,0,1,1,20,38,271,210,434
193000.0,-633200.0,-633200,0,0,0,2,2,27,29,266,203,446
187300.0,-638900.0,-638900,0,0,0,2,1,18,50,239,193,464
301300.0,-524900.0,-524900,0,0,1,0,4,12,47,252,195,427
154900.0,-671300.0,-671300,0,0,0,0,3,19,35,258,209,461
147300.0,-678900.0,-678900,0,0,0,0,0,23,31,250,213,489
144400.0,-681800.0,-681800,0,0,0,0,2,13,30,262,203,472
152500.0,-673700.0,-673700,0,0,0,0,3,14,40,263,207,456
157100.0,-669100.0,-669100,0,0,0,0,3,21,50,232,199,453
146900.0,-679300.0,-679300,0,0,0,0,3,16,38,249,191,438
319400.0,-506800.0,-506800,0,0,1,1,2,19,36,265,201,451
164900.0,-661300.0,-661300,0,0,0,1,2,17,28,259,206,450
163600.0,-662600.0,-662600,0,0,0,0,3,34,36,272,176,476
176900.0,-649300.0,-649300,0,0,0,1,4,23,29,258,194,463
185600.0,-640600.0,-640600,0,0,0,1,5,23,40,262,193,464
153800.0,-672400.0,-672400,0,0,0,0,3,22,38,257,183,467
169900.0,-656300.0,-656300,0,0,0,0,7,18,32,255,205,482
170100.0,-656100.0,-656100,0,0,0,0,7,26,30,269,188,448
158100.0,-668100.0,-668100,0,0,0,1,0,17,33,272,198,445
168600.0,-657600.0,-657600,0,0,0,1,3,12,31,267,214,451
161200.0,-665000.0,-665000,0,0,0,1,1,16,42,244,182,468
168200.0,-658000.0,-658000,0,0,0,1,3,12,32,267,210,451
196100.0,-630100.0,-630100,0,0,0,2,2,21,49,278,171,497
166000.0,-660200.0,-660200,0,0,0,0,6,15,46,265,200,451
295300.0,-530900.0,-530900,0,0,1,0,3,18,32,254,186,435
163000.0,-663200.0,-663200,0,0,0,0,4,21,41,291,197,453
179800.0,-646400.0,-646400,0,0,0,1,2,25,36,259,224,467
161100.0,-665100.0,-665100,0,0,0,0,3,22,40,272,233,417
145300.0,-680900.0,-680900,0,0,0,0,1,18,33,267,195,480
330200.0,-496000.0,-496000,0,0,1,2,2,14,27,271,196,439
139900.0,-686300.0,-686300,0,0,0,0,1,16,31,251,192,472
166800.0,-659400.0,-659400,0,0,0,1,1,19,43,262,189,464
189300.0,-636900.0,-636900,0,0,0,2,4,13,46,230,184,447
156000.0,-670200.0,-670200,0,0,0,0,4,19,38,239,199,459
147500.0,-678700.0,-678700,0,0,0,0,0,22,46,271,195,454
155600.0,-670600.0,-670600,0,0,0,0,3,23,30,288,198,448
153400.0,-672800.0,-672800,0,0,0,0,3,22,31,236,206,466
149400.0,-676800.0,-676800,0,0,0,0,3,21,26,260,207,428
168500.0,-657700.0,-657700,0,0,0,1,3,21,43,228,190,417
190600.0,-635600.0,-635600,0,0,0,1,6,25,31,268,196,482
147200.0,-679000.0,-679000,0,0,0,0,2,18,34,281,199,433
179300.0,-646900.0,-646900,0,0,0,1,3,28,36,260,200,445
160200.0,-666000.0,-666000,0,0,0,1,0,19,43,270,172,464
144700.0,-681500.0,-681500,0,0,0,0,1,18,47,249,202,422
165100.0,-661100.0,-661100,0,0,0,1,2,24,28,252,178,459
2735504.0,1909304.0,-55500,0,1,0,0,2,23,44,266,205,483
216800.0,-609400.0,-609400,0,0,0,3,1,33,40,263,196,449
193300.0,-632900.0,-635400,0,0,0,1,6,21,42,253,228,448
146100.0,-680100.0,-680100,0,0,0,0,3,8,29,276,213,459
154300.0,-671900.0,-671900,0,0,0,0,2,21,34,265,218,458
345900.0,-480300.0,-480300,0,0,1,2,4,16,36,269,209,440
147700.0,-678500.0,-678500,0,0,0,0,1,23,36,265,202,440
173100.0,-653100.0,-653100,0,0,0,1,1,32,47,223,192,440
